congress,chamber,icpsr,state_icpsr,district_code,state_abbrev,party_code,occupancy,last_means,bioname,bioguide_id,born,died,nominate_dim1,nominate_dim2,nominate_log_likelihood,nominate_geo_mean_probability,nominate_number_of_votes,nominate_number_of_errors,conditional,nokken_poole_dim1,nokken_poole_dim2
90,President,99903,99,0,USA,100,0,0,"JOHNSON, Lyndon Baines",J000160,1908,1973.0,-0.337,-0.035,-169.60194,0.694,464,75,,,
90,House,195,41,3,AL,100,0,1,"ANDREWS, George William",A000206,1906,1971.0,-0.03,1.0,-87.46422,0.775,343,41,,0.068,0.998
90,House,5058,41,8,AL,100,0,1,"JONES, Robert Emmett, Jr.",J000248,1912,1997.0,-0.358,0.866,-76.79452,0.801,346,29,,-0.316,0.693
90,House,8353,41,5,AL,100,0,1,"SELDEN, Armistead Inge, Jr.",S000232,1921,1985.0,-0.073,0.852,-114.313,0.688,306,60,,0.013,0.608
90,House,10706,41,6,AL,200,0,1,"BUCHANAN, John Hall, Jr.",B001008,1928,,0.146,-0.118,-214.50396,0.56,370,94,,0.379,-0.041
90,House,10717,41,2,AL,200,0,1,"DICKINSON, William Louis",D000326,1925,2008.0,0.398,-0.057,-106.46247,0.727,334,48,,0.391,0.264
90,House,10721,41,1,AL,200,0,1,"EDWARDS, William Jackson (Jack)",E000084,1928,,0.177,0.161,-118.14661,0.719,358,51,,0.263,0.267
90,House,11000,41,7,AL,100,0,1,"BEVILL, Tom",B000431,1921,2005.0,-0.213,0.976,-172.67168,0.62,361,76,,-0.032,0.806
90,House,11037,41,4,AL,100,0,1,"NICHOLS, William Flynt",N000095,1918,1988.0,-0.042,0.872,-95.64481,0.752,335,48,,0.006,0.826
90,House,11039,81,1,AK,200,0,1,"POLLOCK, Howard Wallace",P000415,1920,2011.0,0.095,0.05,-144.07495,0.623,304,58,,0.121,-0.093
90,House,7845,61,1,AZ,200,0,1,"RHODES, John Jacob",R000188,1916,2003.0,0.225,-0.033,-101.71165,0.742,341,47,,0.205,0.042
90,House,10566,61,2,AZ,100,0,1,"UDALL, Morris King",U000001,1922,1998.0,-0.387,0.008,-64.98204,0.826,339,27,,-0.434,0.103
90,House,11050,61,3,AZ,200,0,1,"STEIGER, Sam",S000846,1929,2012.0,0.447,0.246,-119.14527,0.728,375,53,,0.352,0.099
90,House,3506,42,1,AR,100,0,1,"GATHINGS, Ezekiel Candler",G000098,1903,1979.0,0.012,0.978,-113.44528,0.744,383,56,,0.063,0.998
90,House,6532,42,2,AR,100,0,1,"MILLS, Wilbur Daigh",M000778,1909,1992.0,-0.237,0.894,-135.03566,0.691,366,63,,-0.128,0.778
90,House,10791,42,4,AR,100,0,1,"PRYOR, David Hampton",P000556,1934,,-0.322,0.598,-140.44086,0.675,357,68,,-0.206,0.667
90,House,11020,42,3,AR,200,0,1,"HAMMERSCHMIDT, John Paul",H000124,1922,2015.0,0.253,0.239,-124.84679,0.717,376,59,,0.175,0.225
90,House,1911,71,7,CA,100,0,1,"COHELAN, Jeffery",C000596,1914,1999.0,-0.519,-0.268,-68.75902,0.825,358,27,,-0.576,-0.143
90,House,3867,71,10,CA,200,0,1,"GUBSER, Charles Samuel",G000512,1916,2011.0,0.205,-0.178,-119.86003,0.703,340,58,,0.153,-0.115
90,House,4514,71,19,CA,100,0,1,"HOLIFIELD, Chester Earl",H000713,1903,1995.0,-0.467,0.218,-49.97001,0.858,327,19,,-0.478,0.07
90,House,4592,71,32,CA,200,0,1,"HOSMER, Craig",H000802,1915,1982.0,0.276,-0.292,-137.58754,0.673,347,69,,0.214,-0.25
90,House,4957,71,2,CA,100,0,1,"JOHNSON, Harold Terry",J000135,1907,1988.0,-0.439,0.503,-63.26522,0.842,369,19,,-0.381,0.443
90,House,5255,71,17,CA,100,0,1,"KING, Cecil Rhodes",K000196,1898,1974.0,-0.468,0.144,-42.46443,0.84,243,16,,-0.47,0.357
90,House,5694,71,24,CA,200,0,1,"LIPSCOMB, Glenard Paul",L000344,1915,1970.0,0.358,-0.001,-101.41541,0.763,375,42,,0.343,0.108
90,House,5929,71,6,CA,200,0,1,"MAILLIARD, William Somers",M000070,1917,1992.0,0.117,-0.484,-107.23591,0.725,334,55,,0.123,-0.55
90,House,6240,71,15,CA,100,0,1,"McFALL, John Joseph",M000436,1918,2006.0,-0.468,0.442,-55.10774,0.861,368,14,,-0.425,0.216
90,House,6483,71,8,CA,100,0,1,"MILLER, George Paul",M000727,1891,1982.0,-0.426,0.204,-53.00541,0.836,296,13,,-0.43,0.144
90,House,6756,71,3,CA,100,0,1,"MOSS, John Emerson",M001035,1915,1997.0,-0.582,0.191,-58.77355,0.837,331,28,,-0.518,0.123
90,House,8549,71,16,CA,100,0,1,"SISK, Bernice Frederic",S000454,1910,1995.0,-0.388,0.52,-60.16055,0.825,312,19,,-0.434,0.52
90,House,8628,71,20,CA,200,0,1,"SMITH, H. Allen",S000545,1909,1998.0,0.421,0.026,-90.76046,0.774,355,36,,0.366,0.029
90,House,9240,71,13,CA,200,0,1,"TEAGUE, Charles McKevett",T000109,1909,1974.0,0.243,-0.227,-170.05442,0.632,370,83,,0.239,-0.291
90,House,9578,71,35,CA,200,0,1,"UTT, James Boyd",U000034,1899,1970.0,0.484,0.246,-69.45099,0.782,283,29,,0.498,0.132
90,House,10249,71,36,CA,200,0,1,"WILSON, Robert Carlton (Bob)",W000610,1916,1999.0,0.264,-0.265,-93.16689,0.75,324,41,,0.29,-0.233
90,House,10461,71,11,CA,200,1,1,"YOUNGER, Jesse Arthur",Y000060,1893,1967.0,0.296,-0.285,-21.74523,0.63,47,8,,0.437,0.612
90,House,10505,71,28,CA,200,0,1,"BELL, Alphonzo",B000330,1914,2004.0,0.183,-0.336,-99.34625,0.699,277,43,,0.063,-0.436
90,House,10511,71,22,CA,100,0,1,"CORMAN, James Charles",C000780,1920,2000.0,-0.53,0.098,-35.89634,0.877,273,12,,-0.439,-0.043
90,House,10573,71,29,CA,100,0,1,"BROWN, George Edward, Jr.",B000918,1920,1999.0,-0.506,-0.028,-163.47729,0.547,271,51,,-0.398,-0.43
90,House,10577,71,5,CA,100,0,1,"BURTON, Phillip",B001156,1926,1983.0,-0.634,-0.304,-70.04059,0.827,369,30,,-0.74,-0.005
90,House,10579,71,1,CA,200,0,1,"CLAUSEN, Donald Holst",C000475,1923,2015.0,0.16,0.036,-104.12644,0.729,329,45,,0.142,0.063
90,House,10580,71,23,CA,200,0,1,"CLAWSON, Delwin Morgan",C000476,1914,1992.0,0.483,0.132,-96.46976,0.753,340,46,,0.382,0.035
90,House,10583,71,9,CA,100,0,1,"EDWARDS, William Donlon (Don)",E000064,1915,2015.0,-0.599,-0.419,-49.36529,0.857,319,21,,-0.644,-0.397
90,House,10594,71,34,CA,100,0,1,"HANNA, Richard Thomas",H000164,1914,2001.0,-0.347,0.043,-72.29196,0.781,293,30,,-0.338,0.092
90,House,10595,71,21,CA,100,0,1,"HAWKINS, Augustus Freeman (Gus)",H000367,1907,2007.0,-0.517,-0.369,-38.36103,0.874,285,17,,-0.637,-0.13
90,House,10599,71,4,CA,100,0,1,"LEGGETT, Robert Louis",L000221,1926,1997.0,-0.468,0.158,-84.94488,0.771,326,31,,-0.445,0.162
90,House,10621,71,30,CA,100,0,1,"ROYBAL, Edward R.",R000485,1916,2005.0,-0.61,-0.141,-49.29817,0.862,331,20,,-0.631,-0.12
90,House,10631,71,12,CA,200,0,1,"TALCOTT, Burt Lacklen",T000022,1920,,0.25,-0.115,-96.57077,0.762,356,42,,0.292,-0.062
90,House,10633,71,37,CA,100,0,1,"VAN DEERLIN, Lionel",V000024,1914,2008.0,-0.401,-0.005,-84.28468,0.785,349,33,,-0.399,0.018
90,House,10640,71,31,CA,100,0,1,"WILSON, Charles Herbert",W000571,1917,1984.0,-0.39,0.357,-62.94115,0.792,270,25,,-0.426,0.123
90,House,10763,71,27,CA,200,0,1,"REINECKE, Edwin",R000159,1924,,0.234,-0.004,-99.27053,0.743,334,43,,0.21,0.096
90,House,10777,71,38,CA,100,0,1,"TUNNEY, John Varick",T000410,1934,,-0.311,-0.212,-80.98066,0.76,295,30,,-0.345,0.011
90,House,10790,71,26,CA,100,0,1,"REES, Thomas Mankell",R000134,1925,2003.0,-0.484,-0.273,-69.93062,0.809,329,31,,-0.644,-0.297
90,House,10793,71,14,CA,100,0,1,"WALDIE, Jerome Russell",W000035,1925,2009.0,-0.505,-0.211,-144.11672,0.664,352,47,,-0.425,0.13
90,House,11031,71,18,CA,200,0,1,"MATHIAS, Robert Bruce (Bob)",M000242,1930,2006.0,0.119,-0.036,-97.47548,0.747,334,45,,0.115,-0.036
90,House,11038,71,33,CA,200,0,1,"PETTIS, Jerry Lyle",P000272,1916,1975.0,0.173,-0.043,-94.46599,0.759,343,38,,0.182,0.015
90,House,11055,71,25,CA,200,0,1,"WIGGINS, Charles Edward",W000448,1927,2000.0,0.359,-0.284,-152.38729,0.637,338,61,,0.352,-0.39
90,House,11063,71,11,CA,200,2,2,"McCLOSKEY, Paul Norton , Jr. (Pete)",M000343,1927,,0.028,-0.634,-63.74727,0.71,186,30,,0.099,-0.479
90,House,275,62,4,CO,100,0,1,"ASPINALL, Wayne Norviel",A000225,1896,1983.0,-0.315,0.454,-77.72893,0.787,324,27,,-0.325,0.484
90,House,8021,62,1,CO,100,0,1,"ROGERS, Byron Giles",R000389,1900,1983.0,-0.28,0.171,-81.54729,0.796,358,31,,-0.302,0.272
90,House,10572,62,2,CO,200,0,1,"BROTZMAN, Donald Glenn",B000893,1922,2004.0,0.157,-0.254,-97.13373,0.766,364,48,,0.127,-0.193
90,House,10723,62,3,CO,100,0,1,"EVANS, Frank Edward",E000240,1923,2010.0,-0.331,0.121,-107.07112,0.735,347,46,,-0.293,0.162
90,House,2295,1,1,CT,100,0,1,"DADDARIO, Emilio Quincy",D000001,1918,2010.0,-0.361,-0.223,-42.59452,0.88,334,16,,-0.379,-0.107
90,House,3553,1,3,CT,100,0,1,"GIAIMO, Robert Nicholas",G000151,1919,2006.0,-0.318,0.093,-74.70976,0.792,321,35,,-0.299,-0.07
90,House,4824,1,4,CT,100,0,1,"IRWIN, Donald Jay",I000039,1926,2013.0,-0.313,-0.29,-68.45727,0.823,352,30,,-0.354,-0.168
90,House,6586,1,5,CT,100,0,1,"MONAGAN, John Stephen",M000847,1911,2005.0,-0.228,-0.018,-82.5253,0.793,356,36,,-0.263,-0.016
90,House,10627,1,2,CT,100,0,1,"ST. ONGE, William Leon",S000769,1914,1970.0,-0.417,-0.044,-42.51108,0.865,292,15,,-0.408,-0.046
90,House,11033,1,6,CT,200,0,1,"MESKILL, Thomas Joseph",M000667,1928,2007.0,0.159,-0.281,-117.6197,0.727,369,53,,0.167,-0.376
90,House,11044,11,1,DE,200,0,1,"ROTH, William Victor, Jr.",R000460,1921,2003.0,0.272,-0.39,-112.52151,0.736,367,50,,0.249,-0.264
90,House,633,43,3,FL,100,0,1,"BENNETT, Charles Edward",B000371,1910,2003.0,-0.088,0.421,-243.77681,0.535,390,107,,-0.012,0.549
90,House,2143,43,8,FL,200,0,1,"CRAMER, William Cato",C000869,1922,2003.0,0.218,0.159,-84.1022,0.777,333,37,,0.248,0.124
90,House,3078,43,12,FL,100,0,1,"FASCELL, Dante Bruno",F000041,1917,1998.0,-0.4,0.229,-66.64166,0.83,358,27,,-0.351,0.418
90,House,3929,43,7,FL,100,0,1,"HALEY, James Andrew",H000041,1899,1981.0,0.098,0.694,-121.2446,0.724,375,57,,0.246,0.753
90,House,4354,43,4,FL,100,0,1,"HERLONG, Albert Sydney, Jr.",H000530,1909,1995.0,-0.007,0.74,-57.70597,0.761,211,27,,-0.038,0.817
90,House,7333,43,11,FL,100,0,1,"PEPPER, Claude Denson",P000218,1900,1989.0,-0.422,0.357,-42.5619,0.874,316,13,,-0.398,0.372
90,House,8032,43,9,FL,100,0,1,"ROGERS, Paul Grant",R000401,1921,2008.0,-0.085,0.407,-165.5421,0.644,376,92,,0.045,0.504
90,House,8507,43,1,FL,100,0,1,"SIKES, Robert Lee Fulton",S000406,1906,1994.0,-0.128,0.926,-95.86229,0.76,350,44,,-0.154,0.92
90,House,10587,43,2,FL,100,0,1,"FUQUA, Don",F000430,1933,,-0.173,0.715,-110.93072,0.734,359,55,,-0.098,0.814
90,House,10588,43,6,FL,100,0,1,"GIBBONS, Sam Melville",G000153,1920,2012.0,-0.233,0.17,-86.33059,0.783,353,32,,-0.287,0.268
90,House,10593,43,5,FL,200,0,1,"GURNEY, Edward John",G000531,1914,1996.0,0.306,0.183,-52.27898,0.83,281,22,,0.333,0.322
90,House,11007,43,10,FL,200,0,1,"BURKE, J. Herbert",B001091,1913,1993.0,0.241,0.071,-105.72598,0.744,358,47,,0.428,0.068
90,House,3242,44,6,GA,100,0,1,"FLYNT, John James, Jr.",F000229,1914,2007.0,0.0,1.0,-77.95841,0.778,310,41,,-0.017,1.0
90,House,5436,44,9,GA,100,0,1,"LANDRUM, Phillip Mitchell",L000054,1907,1990.0,-0.134,0.991,-66.84441,0.76,243,32,,-0.21,0.882
90,House,10512,44,7,GA,100,0,1,"DAVIS, John William",D000122,1916,1992.0,-0.195,0.92,-99.47732,0.758,359,34,,-0.194,0.874
90,House,10522,44,1,GA,100,0,1,"HAGAN, George Elliott",H000010,1916,1990.0,-0.077,0.997,-87.64432,0.767,331,34,,0.014,1.0
90,House,10563,44,10,GA,100,0,1,"STEPHENS, Robert Grier, Jr.",S000860,1913,2003.0,-0.194,0.944,-81.73634,0.757,294,32,,-0.245,0.911
90,House,10759,44,2,GA,100,0,1,"O'NEAL, Maston Emmett, Jr.",O000090,1907,1990.0,0.023,1.0,-92.92956,0.769,353,38,,0.018,1.0
90,House,11002,44,4,GA,200,0,1,"BLACKBURN, Benjamin Bentley",B000506,1927,,0.386,0.214,-88.45532,0.756,316,33,,0.295,0.049
90,House,11005,44,3,GA,100,0,1,"BRINKLEY, Jack Thomas",B000839,1930,,-0.073,0.701,-127.13904,0.713,376,63,,-0.004,0.886
90,House,11052,44,8,GA,100,0,1,"STUCKEY, Williamson Sylvester, Jr.",S001039,1935,,-0.114,0.751,-116.82101,0.7,328,56,,-0.05,0.999
90,House,11053,44,5,GA,200,0,1,"THOMPSON, Standish Fletcher",T000217,1925,,0.189,0.373,-148.95022,0.662,361,69,,0.248,0.012
90,House,10605,82,98,HI,100,0,1,"MATSUNAGA, Spark Masayuki",M000250,1916,1990.0,-0.379,-0.032,-51.26522,0.868,361,14,,-0.473,0.098
90,House,10757,82,98,HI,100,0,1,"MINK, Patsy Takemoto",M000797,1927,2002.0,-0.513,-0.067,-55.17819,0.86,366,24,,-0.566,-0.018
90,House,10734,63,2,ID,200,0,1,"HANSEN, George Vernon",H000171,1930,2014.0,0.621,0.339,-100.24038,0.677,257,49,,0.284,0.235
90,House,11029,63,1,ID,200,0,1,"McCLURE, James Albertus",M000346,1924,2011.0,0.492,0.043,-143.54673,0.665,352,70,,0.297,0.133
90,House,226,21,17,IL,200,0,1,"ARENDS, Leslie Cornelius",A000216,1895,1985.0,0.301,-0.187,-104.62289,0.745,356,46,,0.27,-0.203
90,House,1941,21,10,IL,200,0,1,"COLLIER, Harold Reginald",C000629,1915,2006.0,0.378,-0.213,-130.53174,0.699,364,67,,0.419,-0.273
90,House,2433,21,1,IL,100,0,1,"DAWSON, William Levi",D000158,1886,1970.0,-0.527,0.101,-35.22445,0.879,273,9,,-0.478,0.127
90,House,2525,21,4,IL,200,0,1,"DERWINSKI, Edward Joseph",D000269,1926,2012.0,0.342,-0.361,-167.85915,0.609,338,75,,0.467,-0.464
90,House,3769,21,21,IL,100,0,1,"GRAY, Kenneth James",G000400,1924,2014.0,-0.364,0.45,-62.52681,0.817,310,20,,-0.307,0.286
90,House,5326,21,5,IL,100,0,1,"KLUCZYNSKI, John Carl",K000273,1896,1975.0,-0.382,0.237,-51.58316,0.845,307,13,,-0.349,0.127
90,House,6455,21,18,IL,200,0,1,"MICHEL, Robert Henry",M000692,1923,,0.372,-0.157,-136.98549,0.659,328,63,,0.462,-0.512
90,House,6816,21,3,IL,100,0,1,"MURPHY, William Thomas",M001104,1899,1978.0,-0.42,0.182,-48.20959,0.876,365,18,,-0.418,0.154
90,House,7041,21,2,IL,100,0,1,"O'HARA, Barratt",O000053,1882,1969.0,-0.511,-0.142,-47.80586,0.866,331,20,,-0.529,0.03
90,House,7610,21,24,IL,100,0,1,"PRICE, Charles Melvin",P000522,1905,1988.0,-0.429,0.346,-53.07004,0.87,382,16,,-0.405,0.112
90,House,7642,21,11,IL,100,0,1,"PUCINSKI, Roman Conrad",P000559,1919,2002.0,-0.281,0.083,-98.26359,0.738,323,39,,-0.293,0.134
90,House,8080,21,8,IL,100,0,1,"ROSTENKOWSKI, Daniel David",R000458,1928,2010.0,-0.39,0.246,-37.93141,0.888,318,8,,-0.432,0.273
90,House,8474,21,23,IL,100,0,1,"SHIPLEY, George Edward",S000367,1927,2003.0,-0.284,0.515,-123.34474,0.7,346,67,,-0.269,0.523
90,House,8814,21,22,IL,200,0,1,"SPRINGER, William Lee",S000756,1909,1992.0,0.185,-0.186,-109.55161,0.743,368,51,,0.174,-0.25
90,House,10421,21,9,IL,100,0,1,"YATES, Sidney Richard",Y000013,1909,2000.0,-0.494,-0.494,-105.88563,0.751,370,48,,-0.391,-0.619
90,House,10501,21,16,IL,200,0,1,"ANDERSON, John Bayard",A000195,1922,,0.183,-0.554,-111.82852,0.73,356,51,,0.176,-0.43
90,House,10517,21,20,IL,200,0,1,"FINDLEY, Paul",F000123,1921,,0.246,-0.525,-150.9481,0.654,356,70,,0.344,-0.502
90,House,10606,21,12,IL,200,0,1,"McCLORY, Robert",M000340,1908,1988.0,0.256,-0.426,-111.81303,0.728,352,51,,0.232,-0.409
90,House,10617,21,15,IL,200,0,1,"REID, Charlotte Thompson",R000143,1913,2007.0,0.361,-0.11,-96.04771,0.778,382,37,,0.412,-0.077
90,House,10622,21,13,IL,200,0,1,"RUMSFELD, Donald Henry",R000508,1932,,0.369,-0.779,-134.3512,0.696,371,68,,0.386,-0.922
90,House,10703,21,7,IL,100,0,1,"ANNUNZIO, Frank",A000212,1915,2001.0,-0.398,0.351,-64.86098,0.833,354,24,,-0.525,0.186
90,House,10722,21,14,IL,200,0,1,"ERLENBORN, John Neal",E000204,1927,2005.0,0.315,-0.438,-108.69235,0.733,350,56,,0.234,-0.398
90,House,10765,21,6,IL,100,0,1,"RONAN, Daniel John",R000420,1914,1969.0,-0.505,0.05,-32.47594,0.907,332,10,,-0.516,0.076
90,House,11041,21,19,IL,200,0,1,"RAILSBACK, Thomas Fisher",R000012,1932,,0.103,-0.446,-111.84617,0.732,359,52,,0.221,-0.661
90,House,18,22,4,IN,200,0,1,"ADAIR, Edwin Ross",A000024,1907,1983.0,0.267,-0.002,-90.76073,0.761,332,33,,0.214,-0.007
90,House,948,22,3,IN,100,0,1,"BRADEMAS, John",B000736,1927,2016.0,-0.462,-0.061,-48.50834,0.867,340,23,,-0.427,-0.046
90,House,986,22,6,IN,200,0,1,"BRAY, William Gilmer",B000778,1903,1979.0,0.235,0.109,-109.74731,0.731,351,48,,0.358,0.032
90,House,3963,22,2,IN,200,0,1,"HALLECK, Charles Abraham",H000081,1900,1986.0,0.272,-0.288,-87.00949,0.713,257,46,,0.246,-0.251
90,House,5900,22,1,IN,100,0,1,"MADDEN, Ray John",M000039,1892,1987.0,-0.422,0.03,-39.38611,0.886,326,14,,-0.409,0.041
90,House,8084,22,5,IN,100,0,1,"ROUSH, John Edward",R000467,1920,2004.0,-0.233,0.158,-94.40079,0.753,333,39,,-0.264,0.345
90,House,10552,22,10,IN,200,0,1,"ROUDEBUSH, Richard Lowell",R000464,1918,1995.0,0.315,0.114,-81.70615,0.767,308,33,,0.374,0.057
90,House,10732,22,9,IN,100,0,1,"HAMILTON, Lee Herbert",H000114,1931,,-0.171,-0.053,-98.0937,0.771,377,48,,-0.231,0.229
90,House,10742,22,11,IN,100,0,1,"JACOBS, Andrew, Jr.",J000033,1932,2013.0,-0.07,-0.846,-127.0738,0.669,316,52,,-0.321,-0.265
90,House,11036,22,7,IN,200,0,1,"MYERS, John Thomas",M001130,1927,2015.0,0.236,0.254,-127.12362,0.71,371,56,,0.302,-0.055
90,House,11059,22,8,IN,200,0,1,"ZION, Roger Herschel",Z000010,1921,,0.285,0.138,-104.62117,0.752,367,45,,0.289,0.097
90,House,3853,31,3,IA,200,0,1,"GROSS, Harold Royce",G000495,1899,1987.0,0.955,0.298,-69.02907,0.831,372,24,,0.843,0.408
90,House,5385,31,4,IA,200,0,1,"KYL, John Henry",K000351,1919,2002.0,0.316,-0.022,-147.30398,0.664,360,65,,0.296,0.052
90,House,8288,31,1,IA,200,0,1,"SCHWENGEL, Frederick Delbert",S000161,1906,1993.0,0.173,-0.533,-131.96319,0.698,367,53,,0.15,-0.362
90,House,8672,31,5,IA,100,0,1,"SMITH, Neal Edward",S000596,1920,,-0.313,0.174,-85.47685,0.786,355,32,,-0.388,0.337
90,House,10715,31,2,IA,100,0,1,"CULVER, John Chester",C000979,1932,,-0.41,-0.259,-92.12484,0.761,338,33,,-0.334,-0.271
90,House,11032,31,6,IA,200,0,1,"MAYNE, Wiley",M000286,1917,2007.0,0.307,-0.303,-146.08118,0.666,359,65,,0.207,-0.112
90,House,11047,31,7,IA,200,0,1,"SCHERLE, William Joseph",S000121,1923,2003.0,0.362,0.398,-119.49381,0.729,378,56,,0.484,0.031
90,House,10513,32,1,KS,200,0,1,"DOLE, Robert Joseph",D000401,1923,,0.322,-0.279,-98.96818,0.756,354,43,,0.268,0.085
90,House,10559,32,4,KS,200,0,1,"SHRIVER, Garner E.",S000388,1912,1998.0,0.175,-0.06,-108.49341,0.749,376,52,,0.156,-0.046
90,House,10625,32,5,KS,200,0,1,"SKUBITZ, Joe",S000472,1906,2000.0,0.189,0.08,-110.7059,0.735,360,42,,0.226,0.002
90,House,10758,32,2,KS,200,0,1,"MIZE, Chester Louis",M000832,1917,1994.0,0.174,0.021,-111.83002,0.73,355,50,,0.156,0.041
90,House,11057,32,3,KS,200,0,1,"WINN, Edward Lawrence, Jr. (Larry)",W000636,1919,,0.247,-0.033,-113.39984,0.74,377,43,,0.319,0.003
90,House,6845,51,2,KY,100,0,1,"NATCHER, William Huston",N000009,1909,1994.0,-0.288,0.575,-100.95291,0.772,390,47,,-0.24,0.61
90,House,7343,51,7,KY,100,0,1,"PERKINS, Carl Dewey",P000230,1912,1984.0,-0.343,0.332,-72.06865,0.831,390,31,,-0.373,0.417
90,House,9056,51,1,KY,100,0,1,"STUBBLEFIELD, Frank Albert",S001037,1907,1977.0,-0.247,0.779,-81.49866,0.784,335,29,,-0.228,0.636
90,House,9882,51,6,KY,100,0,1,"WATTS, John Clarence",W000212,1902,1971.0,-0.206,0.648,-79.10692,0.768,300,27,,-0.162,0.64
90,House,10626,51,4,KY,200,0,1,"SNYDER, Marion Gene",S000669,1928,2007.0,0.26,0.298,-91.79997,0.77,351,42,,0.294,0.388
90,House,10710,51,5,KY,200,0,1,"CARTER, Tim Lee",C000201,1910,1987.0,0.08,0.147,-128.56452,0.686,341,61,,0.145,0.172
90,House,11010,51,3,KY,200,0,1,"COWGER, William Owen",C000823,1922,1971.0,0.2,-0.16,-109.83739,0.686,291,50,,0.248,-0.322
90,House,824,45,2,LA,100,0,1,"BOGGS, Thomas Hale, Sr.",B000594,1914,1972.0,-0.348,0.589,-64.52136,0.828,341,17,,-0.367,0.339
90,House,4275,45,1,LA,100,0,1,"HÉBERT, Felix Edward",H000437,1901,1979.0,-0.079,0.834,-93.22214,0.698,259,44,,-0.148,0.94
90,House,7228,45,5,LA,100,0,1,"PASSMAN, Otto Ernest",P000098,1900,1988.0,-0.056,0.952,-117.262,0.712,345,49,,-0.026,1.0
90,House,10201,45,3,LA,100,0,1,"WILLIS, Edwin Edward",W000559,1904,1972.0,-0.2,0.98,-58.5328,0.747,201,27,,-0.266,0.964
90,House,10567,45,4,LA,100,0,1,"WAGGONNER, Joseph David, Jr.",W000018,1918,2007.0,0.015,1.0,-95.28985,0.759,345,45,,-0.036,0.999
90,House,10746,45,8,LA,100,0,1,"LONG, Speedy Oteria",L000429,1928,2006.0,-0.025,1.0,-92.89877,0.712,274,47,,0.032,0.999
90,House,10787,45,7,LA,100,0,1,"EDWARDS, Edwin Washington",E000067,1927,,-0.232,0.924,-85.61769,0.763,317,36,,-0.21,0.826
90,House,11042,45,6,LA,100,0,1,"RARICK, John Richard",R000065,1924,2009.0,0.333,0.943,-63.10034,0.807,294,29,,0.318,0.948
90,House,10736,2,2,ME,100,0,1,"HATHAWAY, William Dodd",H000346,1924,2013.0,-0.465,-0.04,-60.14879,0.851,372,24,,-0.486,0.12
90,House,11027,2,1,ME,100,0,1,"KYROS, Peter Nicholas",K000356,1925,2012.0,-0.36,0.016,-63.19999,0.844,372,26,,-0.363,0.244
90,House,3054,52,4,MD,100,0,1,"FALLON, George Hyde",F000012,1902,1980.0,-0.171,0.063,-76.31848,0.783,312,25,,-0.262,0.206
90,House,3374,52,7,MD,100,0,1,"FRIEDEL, Samuel Nathaniel",F000384,1898,1979.0,-0.368,0.041,-48.67563,0.875,364,18,,-0.391,0.132
90,House,3480,52,3,MD,100,0,1,"GARMATZ, Edward Alexander",G000071,1903,1986.0,-0.307,0.222,-71.44542,0.814,347,27,,-0.346,0.369
90,House,10535,52,6,MD,200,0,1,"MATHIAS, Charles McCurdy, Jr.",M000241,1922,2010.0,-0.033,-0.999,-95.0533,0.715,283,38,,-0.057,-0.708
90,House,10601,52,2,MD,100,0,1,"LONG, Clarence Dickinson",L000413,1908,1994.0,-0.274,0.098,-138.26102,0.684,364,58,,-0.333,0.086
90,House,10610,52,1,MD,200,0,1,"MORTON, Rogers Clark Ballard",M001021,1914,1979.0,0.213,-0.315,-135.37266,0.675,344,64,,0.168,-0.275
90,House,10752,52,5,MD,100,0,1,"MACHEN, Hervey Gilbert",M000011,1916,1994.0,-0.327,0.34,-78.09141,0.812,374,33,,-0.287,0.215
90,House,11019,52,8,MD,200,0,1,"GUDE, Gilbert",G000513,1923,2007.0,-0.028,-0.88,-128.41064,0.707,370,54,,-0.01,-0.806
90,House,518,3,6,MA,200,0,1,"BATES, William Henry",B000239,1917,1969.0,0.196,-0.478,-86.01983,0.79,365,29,,0.183,-0.493
90,House,830,3,2,MA,100,0,1,"BOLAND, Edward Patrick",B000600,1911,2001.0,-0.306,-0.104,-46.53585,0.871,337,11,,-0.361,-0.13
90,House,1265,3,11,MA,100,0,1,"BURKE, James Anthony",B001092,1910,1983.0,-0.4,0.152,-80.07072,0.814,390,25,,-0.369,-0.012
90,House,2009,3,1,MA,200,0,1,"CONTE, Silvio Ottavio",C000709,1921,1991.0,-0.023,-0.683,-122.82294,0.71,358,56,,0.076,-0.988
90,House,2660,3,4,MA,100,0,1,"DONOHUE, Harold Daniel",D000419,1901,1984.0,-0.296,-0.098,-47.01579,0.87,339,15,,-0.329,-0.102
90,House,5131,3,12,MA,200,0,1,"KEITH, Hastings",K000053,1915,2005.0,0.148,-0.41,-91.37069,0.776,360,39,,0.117,-0.334
90,House,5873,3,7,MA,100,0,1,"MACDONALD, Torbert Hart",M000005,1917,1976.0,-0.308,-0.091,-82.05979,0.75,285,28,,-0.299,-0.163
90,House,6177,3,9,MA,100,0,1,"McCORMACK, John William",M000364,1891,1980.0,-0.328,-0.047,,,,,,,
90,House,7081,3,8,MA,100,0,1,"O'NEILL, Thomas Philip, Jr. (Tip)",O000098,1912,1994.0,-0.402,0.058,-62.74903,0.835,348,26,,-0.363,-0.093
90,House,7408,3,3,MA,100,0,1,"PHILBIN, Philip Joseph",P000303,1898,1972.0,-0.238,-0.079,-59.24182,0.843,346,17,,-0.327,-0.069
90,House,10538,3,5,MA,200,0,1,"MORSE, Frank Bradford",M001009,1921,1994.0,0.043,-0.999,-90.52714,0.755,322,36,,-0.015,-1.0
90,House,11021,3,10,MA,200,0,1,"HECKLER, Margaret M.",H000440,1931,,-0.007,-0.682,-92.65832,0.753,327,48,,0.045,-0.723
90,House,1087,23,18,MI,200,0,1,"BROOMFIELD, William S.",B000890,1922,,0.227,-0.309,-114.03267,0.675,290,58,,0.122,-0.38
90,House,1610,23,10,MI,200,0,1,"CEDERBERG, Elford Albin",C000263,1918,2006.0,0.27,-0.144,-96.79188,0.761,354,38,,0.318,-0.136
90,House,1620,23,6,MI,200,0,1,"CHAMBERLAIN, Charles Ernest",C000275,1917,2002.0,0.247,-0.191,-103.14821,0.759,374,44,,0.345,-0.189
90,House,2594,23,13,MI,100,0,1,"DIGGS, Charles Coles, Jr.",D000344,1922,1998.0,-0.539,-0.088,-34.14018,0.864,234,13,,-0.549,-0.195
90,House,2605,23,16,MI,100,0,1,"DINGELL, John David, Jr.",D000355,1926,,-0.448,0.313,-112.36305,0.726,351,48,,-0.524,0.376
90,House,3268,23,5,MI,200,0,1,"FORD, Gerald Rudolph, Jr.",F000260,1913,2006.0,0.281,-0.433,-101.95627,0.743,343,51,,0.287,-0.518
90,House,3830,23,17,MI,100,0,1,"GRIFFITHS, Martha Wright",G000471,1912,2003.0,-0.344,0.138,-78.2918,0.79,332,35,,-0.296,-0.252
90,House,7043,23,12,MI,100,0,1,"O'HARA, James Grant",O000055,1925,1989.0,-0.45,0.127,-46.29014,0.873,340,14,,-0.506,-0.002
90,House,10526,23,8,MI,200,0,1,"HARVEY, James",H000306,1922,,0.2,-0.414,-114.72483,0.719,348,54,,0.147,-0.387
90,House,10540,23,14,MI,100,0,1,"NEDZI, Lucien Norbert",N000019,1925,,-0.427,0.002,-70.67426,0.821,358,29,,-0.419,-0.282
90,House,10597,23,4,MI,200,0,1,"HUTCHINSON, J. Edward",H001011,1914,1985.0,0.444,-0.036,-102.01788,0.768,386,50,,0.464,-0.156
90,House,10713,23,1,MI,100,0,1,"CONYERS, John, Jr.",C000714,1929,,-0.658,-0.512,-73.39681,0.74732,252,24,,-0.938,-0.347
90,House,10727,23,15,MI,100,0,1,"FORD, William David",F000270,1927,2004.0,-0.516,0.098,-57.5157,0.84,331,29,,-0.433,-0.274
90,House,10794,23,9,MI,200,0,1,"VANDER JAGT, Guy Adrian",V000027,1931,2007.0,0.247,-0.226,-146.98546,0.656,349,59,,0.183,-0.261
90,House,11006,23,3,MI,200,0,1,"BROWN, Garry Eldridge",B000917,1923,1998.0,0.302,-0.477,-143.82028,0.673,363,69,,0.257,-0.385
90,House,11015,23,2,MI,200,0,1,"ESCH, Marvin Leonel",E000213,1927,2010.0,0.134,-0.529,-95.39688,0.765,356,42,,0.114,-0.559
90,House,11030,23,19,MI,200,0,1,"McDONALD, Jack H.",M000410,1932,,0.157,-0.285,-102.16424,0.755,363,47,,0.159,-0.171
90,House,11045,23,11,MI,200,0,1,"RUPPE, Philip Edward",R000512,1926,,0.169,-0.42,-123.02631,0.687,328,73,,0.05,-0.215
90,House,91043,23,7,MI,200,0,1,"RIEGLE, Donald Wayne, Jr.",R000249,1938,,-0.075,-0.73,-206.6033,0.578,377,96,,0.184,-0.647
90,House,789,33,8,MN,100,0,1,"BLATNIK, John Anton",B000550,1911,1991.0,-0.48,0.127,-49.86226,0.86,330,18,,-0.433,0.05
90,House,5098,33,4,MN,100,0,1,"KARTH, Joseph Edward",K000014,1922,2005.0,-0.386,-0.025,-67.90957,0.818,339,31,,-0.35,-0.096
90,House,5451,33,7,MN,200,0,1,"LANGEN, Odin Elsford Stanley",L000069,1913,1976.0,0.298,-0.003,-113.67553,0.738,374,59,,0.386,0.064
90,House,6860,33,2,MN,200,0,1,"NELSEN, Ancher",N000028,1904,1992.0,0.268,-0.234,-98.70117,0.742,331,51,,0.288,-0.209
90,House,7671,33,1,MN,200,0,1,"QUIE, Albert Harold",Q000010,1923,,0.189,-0.386,-98.68386,0.763,365,40,,0.138,-0.384
90,House,10533,33,3,MN,200,0,1,"MacGREGOR, Clark",M000010,1922,2003.0,0.272,-0.639,-111.51457,0.728,352,45,,0.259,-0.689
90,House,10585,33,5,MN,100,0,1,"FRASER, Donald MacKay",F000350,1924,,-0.469,-0.466,-70.24102,0.814,342,27,,-0.517,-0.304
90,House,11060,33,6,MN,200,0,1,"ZWACH, John Matthew",Z000016,1907,1990.0,0.179,-0.254,-148.23889,0.67,370,74,,0.161,-0.092
90,House,13,46,1,MS,100,0,1,"ABERNETHY, Thomas Gerstle",A000016,1903,1998.0,0.052,0.999,-85.95928,0.791,366,38,,0.16,0.987
90,House,1952,46,5,MS,100,0,1,"COLMER, William Meyers",C000645,1890,1980.0,0.052,0.999,-99.61537,0.755,355,43,,0.115,0.993
90,House,10075,46,2,MS,100,0,1,"WHITTEN, Jamie Lloyd",W000428,1910,1995.0,-0.161,0.987,-126.28255,0.706,363,60,,-0.003,1.0
90,House,10162,46,3,MS,100,1,1,"WILLIAMS, John Bell",W000517,1918,1983.0,0.127,0.992,-9.41101,0.874,70,3,,0.224,0.965
90,House,11035,46,4,MS,100,0,1,"MONTGOMERY, Gillespie V. (Sonny)",M000865,1920,2006.0,0.017,1.0,-110.08997,0.746,376,52,,0.132,0.991
90,House,11065,46,3,MS,100,2,2,"GRIFFIN, Charles Hudson",G000458,1926,1989.0,-0.066,0.998,-50.16452,0.738,165,23,,-0.118,0.993
90,House,835,34,5,MO,100,0,1,"BOLLING, Richard Walker",B000605,1916,1991.0,-0.504,0.171,-74.01502,0.785,306,30,,-0.616,0.087
90,House,2275,34,2,MO,200,0,1,"CURTIS, Thomas Bradford",C001014,1911,1993.0,0.515,-0.69,-145.64339,0.641,327,74,,0.694,-0.637
90,House,4724,34,6,MO,100,0,1,"HULL, William Raleigh, Jr.",H000947,1906,1977.0,-0.112,0.766,-108.25586,0.729,342,48,,-0.086,0.718
90,House,5056,34,10,MO,100,0,1,"JONES, Paul Caruthers",J000246,1901,1981.0,-0.128,0.861,-115.48381,0.632,252,50,,-0.029,1.0
90,House,5097,34,1,MO,100,0,1,"KARSTEN, Frank Melvin",K000013,1913,1992.0,-0.489,0.018,-31.49329,0.882,250,9,,-0.504,0.175
90,House,7717,34,4,MO,100,0,1,"RANDALL, William Joseph",R000041,1909,2000.0,-0.184,0.568,-180.59241,0.62,378,92,,-0.091,0.568
90,House,9072,34,3,MO,100,0,1,"SULLIVAN, Leonor Kretzer",S001057,1902,1988.0,-0.386,0.299,-93.32772,0.763,345,33,,-0.378,0.153
90,House,10523,34,7,MO,200,0,1,"HALL, Durward Gorham",H000049,1910,2001.0,0.796,0.317,-73.94215,0.82,373,25,,0.748,0.29
90,House,10528,34,8,MO,100,0,1,"ICHORD, Richard Howard, II",I000001,1926,1992.0,0.001,0.707,-147.20492,0.65,342,68,,-0.064,0.655
90,House,10740,34,9,MO,100,0,1,"HUNGATE, William Leonard",H000965,1922,2007.0,-0.332,0.433,-174.88428,0.594,336,78,,-0.247,0.461
90,House,10503,64,2,MT,200,0,1,"BATTIN, James Franklin",B000241,1925,1996.0,0.235,0.138,-92.11476,0.766,345,34,,0.257,0.0
90,House,10543,64,1,MT,100,0,1,"OLSEN, Arnold",O000083,1916,1990.0,-0.497,0.432,-76.65742,0.782,311,35,,-0.52,0.596
90,House,2255,35,2,NE,200,0,1,"CUNNINGHAM, Glenn Clarence",C000991,1912,2003.0,0.215,-0.07,-106.8004,0.726,333,54,,0.229,-0.205
90,House,10534,35,3,NE,200,0,1,"MARTIN, David Thomas",M000175,1907,1997.0,0.33,0.245,-89.86282,0.764,334,40,,0.261,0.261
90,House,11012,35,1,NE,200,0,1,"DENNEY, Robert Vernon",D000239,1916,1981.0,0.364,-0.008,-104.25097,0.752,365,43,,0.334,-0.023
90,House,433,65,1,NV,100,0,1,"BARING, Walter Stephan, Jr.",B000141,1911,1975.0,-0.056,0.534,-167.70626,0.592,320,91,,0.099,0.655
90,House,10581,4,2,NH,200,0,1,"CLEVELAND, James Colgate",C000512,1920,1995.0,0.218,-0.343,-131.53067,0.697,365,69,,0.302,-0.665
90,House,10639,4,1,NH,200,0,1,"WYMAN, Louis Crosby",W000782,1917,2002.0,0.236,-0.058,-132.13274,0.708,382,68,,0.246,-0.3
90,House,1393,12,6,NJ,200,0,1,"CAHILL, William Thomas",C000019,1912,1996.0,0.09,-0.727,-109.95897,0.728,347,48,,0.119,-0.677
90,House,2329,12,14,NJ,100,0,1,"DANIELS, Dominick Vincent",D000041,1908,1987.0,-0.386,0.1,-60.96808,0.85,374,21,,-0.395,0.057
90,House,2804,12,12,NJ,200,0,1,"DWYER, Florence Price",D000587,1902,1976.0,0.071,-0.657,-96.90675,0.752,340,41,,0.08,-0.595
90,House,3364,12,5,NJ,200,0,1,"FRELINGHUYSEN, Peter Hood Ballantine, Jr.",F000371,1916,2011.0,0.172,-0.506,-113.65791,0.706,327,47,,0.058,-0.417
90,House,3433,12,13,NJ,100,0,1,"GALLAGHER, Cornelius Edward",G000016,1921,,-0.44,-0.095,-30.5233,0.902,296,10,,-0.499,-0.164
90,House,8010,12,10,NJ,100,0,1,"RODINO, Peter Wallace, Jr.",R000374,1909,2005.0,-0.435,-0.224,-60.86154,0.851,376,26,,-0.372,-0.136
90,House,9322,12,4,NJ,100,0,1,"THOMPSON, Frank, Jr.",T000200,1918,1989.0,-0.511,-0.165,-49.0669,0.851,305,14,,-0.529,0.039
90,House,10091,12,7,NJ,200,0,1,"WIDNALL, William Beck",W000445,1906,1983.0,0.125,-0.45,-92.48057,0.769,352,42,,0.056,-0.465
90,House,10529,12,8,NJ,100,0,1,"JOELSON, Charles Samuel",J000108,1916,1999.0,-0.298,-0.267,-92.48452,0.785,383,42,,-0.308,-0.368
90,House,10609,12,11,NJ,100,0,1,"MINISH, Joseph George",M000796,1916,2007.0,-0.299,-0.098,-71.37955,0.826,373,33,,-0.34,-0.111
90,House,10613,12,15,NJ,100,0,1,"PATTEN, Edward James",P000106,1905,1994.0,-0.424,0.243,-74.03442,0.827,389,27,,-0.404,0.061
90,House,10737,12,9,NJ,100,0,1,"HELSTOSKI, Henry",H000465,1925,1999.0,-0.484,-0.348,-48.46777,0.869,344,20,,-0.504,-0.454
90,House,10739,12,3,NJ,100,0,1,"HOWARD, James John",H000840,1927,1988.0,-0.431,-0.018,-51.0275,0.857,331,24,,-0.378,-0.1
90,House,11022,12,1,NJ,200,0,1,"HUNT, John Edmund",H000972,1908,1989.0,0.272,0.046,-103.68611,0.76,378,46,,0.307,-0.172
90,House,11046,12,2,NJ,200,0,1,"SANDMAN, Charles William, Jr.",S000045,1921,1985.0,0.139,-0.041,-121.93905,0.696,337,57,,0.153,-0.203
90,House,6717,66,98,NM,100,0,1,"MORRIS, Thomas Gayle",M000990,1919,2016.0,-0.227,0.614,-112.58385,0.733,362,42,,-0.206,0.506
90,House,10780,66,98,NM,100,0,1,"WALKER, E. S. Johnny",W000049,1911,2000.0,-0.211,0.66,-123.27221,0.7,345,55,,-0.216,0.707
90,House,1611,13,10,NY,100,0,1,"CELLER, Emanuel",C000264,1888,1981.0,-0.457,-0.237,-34.75886,0.881,274,17,,-0.486,0.039
90,House,2476,13,9,NY,100,0,1,"DELANEY, James Joseph",D000211,1901,1987.0,-0.303,0.199,-97.37782,0.768,368,43,,-0.296,0.217
90,House,2752,13,41,NY,100,0,1,"DULSKI, Thaddeus Joseph",D000523,1915,1988.0,-0.25,0.098,-95.787,0.775,376,38,,-0.388,0.223
90,House,3056,13,19,NY,100,0,1,"FARBSTEIN, Leonard",F000015,1902,1993.0,-0.559,-0.446,-58.60783,0.839,334,26,,-0.542,-0.308
90,House,3158,13,24,NY,200,0,1,"FINO, Paul Albert",F000137,1913,2009.0,0.048,-0.363,-162.47981,0.557,278,67,,0.165,-0.281
90,House,3575,13,22,NY,100,0,1,"GILBERT, Jacob H.",G000175,1920,1981.0,-0.486,-0.4,-47.54152,0.874,352,19,,-0.488,-0.383
90,House,3670,13,38,NY,200,0,1,"GOODELL, Charles Ellsworth",G000282,1926,1987.0,0.253,-0.967,-101.51695,0.721,310,48,,0.255,-0.714
90,House,3967,13,6,NY,200,0,1,"HALPERN, Seymour",H000085,1913,1997.0,-0.094,-0.755,-88.12557,0.768,334,39,,-0.129,-0.733
90,House,5148,13,12,NY,100,0,1,"KELLY, Edna Flannery",K000070,1906,1997.0,-0.357,-0.022,-71.89348,0.812,346,32,,-0.361,0.172
90,House,6792,13,13,NY,100,1,1,"MULTER, Abraham Jacob",M001074,1900,1986.0,-0.558,-0.021,-18.27014,0.889,155,8,,-0.442,-0.031
90,House,7467,13,32,NY,200,0,1,"PIRNIE, Alexander",P000366,1903,1982.0,0.141,-0.251,-100.85335,0.75,350,47,,0.137,-0.469
90,House,7995,13,33,NY,200,0,1,"ROBISON, Howard Winfield",R000357,1915,1987.0,0.263,-0.755,-120.6087,0.717,363,50,,0.22,-0.764
90,House,8049,13,14,NY,100,0,1,"ROONEY, John James",R000424,1903,1975.0,-0.384,0.161,-53.32005,0.861,355,16,,-0.42,0.169
90,House,9017,13,35,NY,100,0,1,"STRATTON, Samuel Studdiford",S000997,1916,1990.0,-0.139,0.208,-155.92307,0.617,323,69,,-0.135,-0.087
90,House,10500,13,7,NY,100,0,1,"ADDABBO, Joseph Patrick",A000052,1925,1986.0,-0.402,-0.084,-74.23148,0.816,364,30,,-0.336,-0.04
90,House,10508,13,15,NY,100,0,1,"CAREY, Hugh Leo",C000143,1919,2011.0,-0.351,-0.271,-75.88693,0.792,325,33,,-0.334,-0.237
90,House,10530,13,30,NY,200,0,1,"KING, Carleton James",K000195,1904,1977.0,0.322,0.017,-96.04893,0.765,359,43,,0.392,-0.11
90,House,10545,13,1,NY,100,0,1,"PIKE, Otis Grey",P000348,1921,2014.0,-0.162,-0.125,-169.13487,0.637,375,71,,-0.147,-0.185
90,House,10551,13,8,NY,100,0,1,"ROSENTHAL, Benjamin Stanley",R000442,1923,1983.0,-0.562,-0.491,-46.22257,0.877,353,23,,-0.615,-0.445
90,House,10555,13,20,NY,100,0,1,"RYAN, William Fitts",R000562,1922,1972.0,-0.619,-0.785,-61.55961,0.845,366,27,,-0.608,-0.794
90,House,10592,13,2,NY,200,0,1,"GROVER, James Russell, Jr.",G000504,1919,2012.0,0.25,-0.276,-134.74549,0.693,367,73,,0.332,-0.598
90,House,10596,13,36,NY,200,0,1,"HORTON, Frank Jefferson",H000797,1919,2004.0,-0.004,-0.359,-125.01446,0.71,365,59,,0.008,-0.746
90,House,10611,13,16,NY,100,0,1,"MURPHY, John Michael",M001098,1926,2015.0,-0.406,0.386,-40.81105,0.876,307,8,,-0.414,0.248
90,House,10618,13,26,NY,200,0,1,"REID, Ogden Rogers",R000150,1925,,-0.068,-0.998,-100.69406,0.757,362,50,,-0.142,-0.99
90,House,10638,13,4,NY,200,0,1,"WYDLER, John Waldemar",W000780,1924,1987.0,0.277,-0.592,-127.1335,0.677,326,56,,0.271,-0.923
90,House,10705,13,23,NY,100,0,1,"BINGHAM, Jonathan Brewster",B000472,1914,1986.0,-0.509,-0.488,-64.20028,0.83,345,29,,-0.515,-0.578
90,House,10712,13,37,NY,200,0,1,"CONABLE, Barber Benjamin, Jr.",C000666,1922,2003.0,0.371,-0.658,-124.37013,0.709,362,57,,0.19,-0.568
90,House,10718,13,27,NY,100,0,1,"DOW, John Goodchild",D000462,1905,2003.0,-0.562,-0.236,-76.34065,0.793,329,28,,-0.512,-0.167
90,House,10733,13,34,NY,100,0,1,"HANLEY, James Michael",H000158,1920,2003.0,-0.306,0.147,-73.70066,0.821,373,29,,-0.285,0.025
90,House,10748,13,39,NY,100,0,1,"McCARTHY, Richard Dean",M000318,1927,1995.0,-0.286,-0.597,-82.07422,0.791,350,34,,-0.315,-0.439
90,House,10749,13,31,NY,200,0,1,"McEWEN, Robert Cameron",M000433,1920,1997.0,0.234,-0.052,-129.94635,0.67,325,59,,0.272,-0.244
90,House,10760,13,25,NY,100,0,1,"OTTINGER, Richard Lawrence",O000134,1929,,-0.391,-0.771,-178.94621,0.607,358,67,,-0.225,-0.974
90,House,10764,13,28,NY,100,0,1,"RESNICK, Joseph Yale",R000164,1924,1969.0,-0.522,-0.257,-20.53486,0.88,160,8,,-0.495,-0.15
90,House,10768,13,21,NY,100,0,1,"SCHEUER, James Haas",S000124,1920,2005.0,-0.478,-0.349,-82.34572,0.781,333,42,,-0.543,-0.726
90,House,10771,13,40,NY,200,0,1,"SMITH, Henry P., III",S000548,1911,1995.0,0.23,-0.503,-104.80458,0.739,346,45,,0.218,-0.636
90,House,10775,13,5,NY,100,0,1,"TENZER, Herbert",T000128,1905,1993.0,-0.396,-0.171,-47.57371,0.86,315,17,,-0.407,-0.247
90,House,10784,13,3,NY,100,0,1,"WOLFF, Lester Lionel",W000680,1919,,-0.264,-0.293,-138.77903,0.674,352,54,,-0.233,-0.384
90,House,10789,13,17,NY,200,0,1,"KUPFERMAN, Theodore Roosevelt",K000343,1920,2003.0,-0.07,-0.998,-107.14788,0.715,319,54,,-0.097,-0.995
90,House,11004,13,11,NY,100,0,1,"BRASCO, Frank James",B000771,1932,1998.0,-0.423,-0.151,-56.39218,0.852,351,27,,-0.462,-0.022
90,House,11009,13,29,NY,200,0,1,"BUTTON, Daniel Evan",B001201,1917,2009.0,-0.028,-0.995,-99.49189,0.733,320,43,,-0.047,-0.877
90,House,11064,13,13,NY,100,2,2,"PODELL, Bertram L.",P000399,1925,2005.0,-0.469,-0.215,-21.47436,0.851,133,9,,-0.53,0.016
90,House,3321,47,2,NC,100,0,1,"FOUNTAIN, Lawrence H.",F000319,1913,2002.0,-0.041,0.73,-104.04222,0.738,342,41,,0.021,0.847
90,House,5019,47,8,NC,200,0,1,"JONAS, Charles Raper",J000206,1904,1988.0,0.304,0.321,-127.37868,0.702,360,62,,0.336,0.24
90,House,5606,47,7,NC,100,0,1,"LENNON, Alton Asa",L000240,1906,1986.0,0.048,0.941,-112.19657,0.744,379,54,,0.143,0.952
90,House,9230,47,11,NC,100,0,1,"TAYLOR, Roy Arthur",T000099,1910,1995.0,-0.069,0.635,-112.7912,0.739,373,47,,-0.011,0.678
90,House,10060,47,10,NC,100,0,1,"WHITENER, Basil Lee",W000410,1915,1989.0,-0.028,1.0,-104.33896,0.747,357,48,,-0.006,0.9
90,House,10527,47,3,NC,100,0,1,"HENDERSON, David Newton",H000479,1921,2004.0,-0.108,0.982,-99.41891,0.756,355,55,,-0.049,0.98
90,House,10531,47,6,NC,100,0,1,"KORNEGAY, Horace Robinson",K000318,1924,2009.0,-0.067,0.851,-88.634,0.772,342,36,,-0.046,0.737
90,House,10574,47,9,NC,200,0,1,"BROYHILL, James Thomas",B000966,1927,,0.269,0.021,-129.88902,0.707,375,56,,0.216,0.331
90,House,10788,47,1,NC,100,0,1,"JONES, Walter Beaman, Sr.",J000256,1913,1992.0,-0.259,0.941,-178.09447,0.595,343,95,,0.009,0.976
90,House,11017,47,5,NC,100,0,1,"GALIFIANAKIS, Nick",G000015,1928,,-0.15,0.563,-113.08556,0.729,358,52,,-0.114,0.66
90,House,11018,47,4,NC,200,0,1,"GARDNER, James Carson",G000055,1933,,0.326,0.447,-67.31182,0.787,281,27,,0.337,0.38
90,House,10569,36,1,ND,200,0,1,"ANDREWS, Mark",A000208,1926,,0.087,-0.024,-139.05195,0.683,365,67,,0.094,-0.047
90,House,11024,36,2,ND,200,0,1,"KLEPPE, Thomas Savig",K000264,1919,2007.0,0.26,0.052,-109.86472,0.737,360,53,,0.251,0.046
90,House,267,24,9,OH,100,0,1,"ASHLEY, Thomas William Ludlow",A000222,1923,2010.0,-0.35,-0.049,-85.17482,0.756,304,35,,-0.437,-0.21
90,House,310,24,14,OH,200,0,1,"AYRES, William Hanes",A000229,1916,2000.0,0.139,-0.353,-92.3597,0.762,340,40,,0.097,-0.248
90,House,680,24,8,OH,200,0,1,"BETTS, Jackson Edward",B000426,1904,1993.0,0.359,-0.03,-86.27512,0.792,369,41,,0.359,-0.07
90,House,837,24,22,OH,200,0,1,"BOLTON, Frances Payne",B000607,1885,1977.0,0.228,-0.461,-106.90177,0.719,324,48,,0.215,-0.363
90,House,891,24,16,OH,200,0,1,"BOW, Frank Townsend",B000676,1901,1972.0,0.373,-0.098,-107.04322,0.705,306,54,,0.441,-0.304
90,House,2533,24,12,OH,200,0,1,"DEVINE, Samuel Leeper",D000279,1915,1997.0,0.502,0.074,-86.08205,0.788,362,34,,0.504,0.014
90,House,3092,24,20,OH,100,0,1,"FEIGHAN, Michael Aloysius",F000060,1905,1992.0,-0.3,0.014,-61.02708,0.842,354,22,,-0.405,0.181
90,House,4247,24,18,OH,100,0,1,"HAYS, Wayne Levere",H000408,1911,1989.0,-0.304,0.355,-90.55812,0.737,297,42,,-0.296,0.287
90,House,5301,24,19,OH,100,0,1,"KIRWAN, Michael Joseph",K000244,1886,1970.0,-0.38,0.063,-53.41459,0.852,333,19,,-0.349,0.164
90,House,5495,24,5,OH,200,0,1,"LATTA, Delbert Leroy",L000116,1920,2016.0,0.391,-0.084,-136.62095,0.688,366,58,,0.293,0.001
90,House,6204,24,4,OH,200,0,1,"McCULLOCH, William Moore",M000393,1901,1980.0,0.287,-0.237,-116.31302,0.71,339,43,,0.183,-0.239
90,House,6548,24,23,OH,200,0,1,"MINSHALL, William Edwin, Jr.",M000799,1911,1990.0,0.312,-0.192,-129.19219,0.667,319,61,,0.306,-0.304
90,House,9623,24,21,OH,100,0,1,"VANIK, Charles Albert",V000047,1913,2007.0,-0.366,-0.374,-107.4838,0.74,357,50,,-0.312,-0.277
90,House,10502,24,17,OH,200,0,1,"ASHBROOK, John Milan",A000221,1928,1982.0,0.612,0.239,-71.29772,0.807,332,32,,0.663,0.298
90,House,10510,24,2,OH,200,0,1,"CLANCY, Donald Daniel",C000409,1921,2007.0,0.403,-0.002,-95.59473,0.759,346,34,,0.42,0.002
90,House,10525,24,6,OH,200,0,1,"HARSHA, William Howard",H000281,1921,2010.0,0.188,0.122,-126.64767,0.693,345,57,,0.241,0.012
90,House,10539,24,13,OH,200,0,1,"MOSHER, Charles Adams",M001031,1906,1984.0,0.177,-0.984,-128.93167,0.69,347,52,,0.177,-0.907
90,House,10630,24,1,OH,200,0,1,"TAFT, Robert, Jr.",T000010,1917,1993.0,0.278,-0.789,-116.53556,0.702,329,53,,0.266,-0.794
90,House,10773,24,11,OH,200,0,1,"STANTON, John William",S000804,1924,2002.0,0.135,-0.31,-100.24519,0.765,375,39,,0.138,-0.433
90,House,10786,24,7,OH,200,0,1,"BROWN, Clarence J., Jr.",B000910,1927,,0.3,-0.284,-92.57814,0.766,348,37,,0.296,-0.171
90,House,11028,24,24,OH,200,0,1,"LUKENS, Donald Edgar",L000509,1931,2010.0,0.459,-0.273,-94.20149,0.732,302,43,,0.351,-0.162
90,House,11034,24,10,OH,200,0,1,"MILLER, Clarence E.",M000718,1917,2011.0,0.416,-0.304,-136.99527,0.703,388,63,,0.326,0.037
90,House,11054,24,3,OH,200,0,1,"WHALEN, Charles William, Jr.",W000317,1920,2011.0,-0.139,-0.714,-111.72344,0.743,376,53,,-0.021,-0.795
90,House,11058,24,15,OH,200,0,1,"WYLIE, Chalmers Pangburn",W000781,1920,1998.0,0.23,-0.13,-104.35607,0.756,373,47,,0.27,-0.115
90,House,62,53,3,OK,100,0,1,"ALBERT, Carl Bert",A000073,1908,2000.0,-0.392,0.591,-62.78988,0.849,383,21,,-0.377,0.385
90,House,590,53,1,OK,200,0,1,"BELCHER, Page Henry",B000323,1899,1980.0,0.275,0.173,-74.99031,0.811,357,31,,0.222,0.314
90,House,2854,53,2,OK,100,0,1,"EDMONDSON, Edmond Augustus",E000054,1919,1990.0,-0.34,0.582,-74.58226,0.817,370,25,,-0.342,0.557
90,House,4891,53,5,OK,100,0,1,"JARMAN, John",J000057,1915,1982.0,-0.017,0.592,-108.63873,0.747,373,48,,0.034,0.638
90,House,8866,53,4,OK,100,0,1,"STEED, Thomas Jefferson",S000829,1904,1983.0,-0.279,0.776,-99.74232,0.751,348,41,,-0.284,0.759
90,House,11049,53,6,OK,200,0,1,"SMITH, James Vernon",S000560,1926,1973.0,0.218,0.385,-70.15462,0.819,352,26,,0.225,0.346
90,House,3775,72,3,OR,100,0,1,"GREEN, Edith Starrett",G000407,1910,1987.0,-0.243,0.236,-118.89056,0.675,302,50,,-0.263,-0.05
90,House,9551,72,2,OR,100,0,1,"ULLMAN, Albert Conrad",U000004,1914,1986.0,-0.367,0.405,-104.18786,0.731,332,45,,-0.245,0.349
90,House,10785,72,1,OR,200,0,1,"WYATT, Wendell",W000778,1917,2009.0,0.103,-0.141,-120.3423,0.7,338,57,,0.152,-0.204
90,House,11011,72,4,OR,200,0,1,"DELLENBACK, John Richard",D000220,1918,2002.0,0.282,-0.795,-146.8009,0.667,363,68,,0.225,-0.678
90,House,465,14,1,PA,100,0,1,"BARRETT, William Aloysius",B000178,1896,1976.0,-0.469,0.098,-51.04497,0.854,323,19,,-0.461,-0.051
90,House,1368,14,3,PA,100,0,1,"BYRNE, James Aloysius",B001212,1906,1980.0,-0.435,0.112,-54.10158,0.863,368,20,,-0.453,-0.03
90,House,1763,14,25,PA,100,0,1,"CLARK, Frank Monroe",C000431,1915,2003.0,-0.292,0.261,-83.08948,0.774,324,38,,-0.37,0.394
90,House,2065,14,18,PA,200,0,1,"CORBETT, Robert James",C000772,1905,1971.0,0.071,-0.529,-97.91068,0.755,349,47,,0.073,-0.523
90,House,2513,14,21,PA,100,0,1,"DENT, John Herman",D000255,1908,1988.0,-0.384,0.445,-63.94998,0.813,308,22,,-0.417,0.196
90,House,3224,14,11,PA,100,0,1,"FLOOD, Daniel John",F000209,1903,1994.0,-0.377,0.344,-65.77487,0.824,339,19,,-0.337,0.256
90,House,3409,14,27,PA,200,0,1,"FULTON, James Grove",F000422,1903,1971.0,0.012,-0.503,-136.98692,0.694,375,64,,0.08,-0.535
90,House,4518,14,20,PA,100,0,1,"HOLLAND, Elmer Joseph",H000717,1894,1968.0,-0.479,0.09,-29.15506,0.855,186,12,,-0.533,0.132
90,House,6661,14,14,PA,100,0,1,"MOORHEAD, William Singer",M000930,1923,1987.0,-0.416,-0.004,-54.86754,0.848,332,22,,-0.393,-0.196
90,House,6685,14,26,PA,100,0,1,"MORGAN, Thomas Ellsworth",M000958,1906,1995.0,-0.396,0.226,-56.55377,0.853,357,23,,-0.382,0.181
90,House,6936,14,2,PA,100,0,1,"NIX, Robert Nelson Cornelius, Sr.",N000113,1898,1987.0,-0.536,0.141,-53.366,0.852,332,19,,-0.559,0.159
90,House,7844,14,6,PA,100,0,1,"RHODES, George Milton",R000187,1898,1978.0,-0.369,-0.026,-50.40777,0.859,331,16,,-0.396,0.19
90,House,8247,14,22,PA,200,0,1,"SAYLOR, John Phillips",S000102,1908,1973.0,0.133,-0.104,-197.82938,0.551,332,90,,0.236,-0.235
90,House,8268,14,17,PA,200,0,1,"SCHNEEBELI, Herman Theodore",S000135,1907,1982.0,0.389,-0.446,-148.92025,0.679,384,78,,0.427,-0.689
90,House,9975,14,12,PA,200,0,1,"WHALLEY, John Irving",W000320,1902,1980.0,0.191,-0.086,-100.88129,0.746,345,36,,0.263,-0.047
90,House,10521,14,19,PA,200,0,1,"GOODLING, George Atlee",G000290,1896,1982.0,0.455,0.018,-102.12399,0.766,383,40,,0.389,-0.067
90,House,10557,14,13,PA,200,0,1,"SCHWEIKER, Richard Schultz",S000159,1926,2015.0,0.029,-0.575,-85.55506,0.761,313,39,,0.046,-0.506
90,House,10591,14,5,PA,100,0,1,"GREEN, William Joseph",G000420,1938,,-0.415,-0.415,-50.28586,0.865,348,17,,-0.477,-0.083
90,House,10598,14,23,PA,200,0,1,"JOHNSON, Albert Walter",J000115,1906,1998.0,0.197,-0.021,-105.31945,0.752,369,46,,0.188,-0.005
90,House,10607,14,10,PA,200,0,1,"McDADE, Joseph Michael",M000399,1931,,0.093,-0.355,-99.15002,0.763,367,48,,0.055,-0.542
90,House,10620,14,15,PA,100,0,1,"ROONEY, Frederick Bernard",R000423,1925,,-0.35,0.181,-66.44241,0.822,339,29,,-0.287,0.056
90,House,10778,14,24,PA,100,0,1,"VIGORITO, Joseph Phillip",V000098,1918,2003.0,-0.311,0.216,-90.66846,0.781,366,39,,-0.296,0.245
90,House,10782,14,9,PA,200,0,1,"WATKINS, George Robert",W000192,1902,1970.0,0.285,0.02,-101.18283,0.733,326,51,,0.436,-0.124
90,House,11001,14,8,PA,200,0,1,"BIESTER, Edward George, Jr.",B000451,1931,,0.035,-0.746,-105.81302,0.754,374,55,,0.135,-0.567
90,House,11014,14,4,PA,100,0,1,"EILBERG, Joshua",E000096,1921,2004.0,-0.443,0.084,-62.67394,0.838,354,26,,-0.445,0.161
90,House,11016,14,16,PA,200,0,1,"ESHLEMAN, Edwin Duing",E000214,1920,1985.0,0.276,-0.156,-120.09548,0.722,369,56,,0.372,-0.375
90,House,11056,14,7,PA,200,0,1,"WILLIAMS, Lawrence Gordon",W000525,1913,1975.0,0.197,-0.052,-98.81778,0.765,369,33,,0.282,-0.163
90,House,3246,5,2,RI,100,5,1,"FOGARTY, John Edward",F000233,1913,1967.0,-0.344,-0.302,,,,,,,
90,House,10561,5,1,RI,100,0,1,"ST. GERMAIN, Fernand Joseph",S000762,1928,2014.0,-0.355,-0.091,-62.62003,0.834,344,25,,-0.356,-0.202
90,House,11061,5,2,RI,100,2,2,"TIERNAN, Robert Owens",T000265,1929,2014.0,-0.394,-0.025,-58.10514,0.838,329,23,,-0.376,-0.135
90,House,270,48,4,SC,100,0,1,"ASHMORE, Robert Thomas",A000223,1904,1989.0,0.066,0.998,-76.48944,0.779,307,33,,0.112,0.855
90,House,2672,48,3,SC,100,0,1,"DORN, William Jennings Bryan",D000434,1916,2005.0,-0.017,0.942,-103.7362,0.742,347,52,,-0.067,0.95
90,House,6353,48,6,SC,100,0,1,"McMILLAN, John Lanneau",M000568,1898,1979.0,-0.05,0.999,-80.80895,0.779,324,39,,-0.046,0.999
90,House,7925,48,1,SC,100,0,1,"RIVERS, Lucius Mendel",R000280,1905,1970.0,-0.089,0.996,-73.41047,0.789,310,30,,-0.141,0.99
90,House,10634,48,2,SC,200,0,1,"WATSON, Albert William",W000197,1922,1994.0,0.241,0.634,-86.34736,0.783,353,40,,0.303,0.559
90,House,10728,48,5,SC,100,0,1,"GETTYS, Thomas Smithwick",G000144,1912,2003.0,-0.122,0.942,-79.15733,0.78,319,34,,-0.126,0.977
90,House,672,37,2,SD,200,0,1,"BERRY, Ellis Yarnal",B000416,1902,1999.0,0.325,0.161,-105.14542,0.723,324,43,,0.274,0.092
90,House,10548,37,1,SD,200,0,1,"REIFEL, Benjamin",R000152,1906,1990.0,0.16,-0.04,-146.85947,0.659,352,66,,0.095,0.059
90,House,3028,54,8,TN,100,0,1,"EVERETT, Robert Ashton",E000266,1915,1969.0,-0.214,0.977,-92.57967,0.745,314,36,,-0.192,0.981
90,House,3034,54,4,TN,100,0,1,"EVINS, Joseph Landon",E000273,1910,1984.0,-0.343,0.886,-66.35687,0.766,249,29,,-0.271,0.626
90,House,10571,54,3,TN,200,0,1,"BROCK, William Emerson, III",B000851,1930,,0.345,-0.177,-108.4528,0.723,335,50,,0.371,-0.202
90,House,10586,54,5,TN,100,0,1,"FULTON, Richard Harmon",F000424,1927,,-0.332,0.312,-87.21984,0.76,318,36,,-0.284,0.377
90,House,10616,54,1,TN,200,0,1,"QUILLEN, James Henry",Q000013,1916,2003.0,0.246,0.23,-117.95876,0.713,349,53,,0.241,0.426
90,House,10701,54,6,TN,100,0,1,"ANDERSON, William Robert",A000203,1921,2007.0,-0.356,0.422,-61.38645,0.814,298,24,,-0.348,0.496
90,House,10719,54,2,TN,200,0,1,"DUNCAN, John James",D000534,1919,1988.0,0.194,0.21,-136.99682,0.702,387,67,,0.264,0.144
90,House,11003,54,7,TN,100,0,1,"BLANTON, Leonard Ray",B000548,1930,1996.0,-0.279,0.834,-93.72882,0.749,324,40,,-0.218,0.775
90,House,11025,54,9,TN,200,0,1,"KUYKENDALL, Dan Heflin",K000348,1924,2008.0,0.246,0.193,-94.23661,0.759,341,41,,0.276,0.212
90,House,1077,49,9,TX,100,0,1,"BROOKS, Jack Bascom",B000880,1922,2012.0,-0.407,0.725,-62.5842,0.838,355,21,,-0.398,0.475
90,House,1282,49,17,TX,100,0,1,"BURLESON, Omar Truman",B001111,1906,1991.0,0.002,1.0,-101.39626,0.756,362,47,,-0.065,0.998
90,House,1577,49,22,TX,100,0,1,"CASEY, Robert Randolph",C000228,1915,1986.0,-0.098,0.783,-120.05444,0.705,343,55,,-0.165,0.68
90,House,2700,49,2,TX,100,0,1,"DOWDY, John Vernard",D000467,1912,1995.0,0.086,0.996,-96.0677,0.762,353,45,,0.079,0.892
90,House,3171,49,21,TX,100,0,1,"FISHER, Ovie Clark",F000152,1903,1994.0,0.038,0.987,-86.39309,0.773,335,39,,0.005,0.861
90,House,5924,49,19,TX,100,0,1,"MAHON, George Herman",M000065,1900,1985.0,-0.168,0.867,-142.27982,0.69,383,72,,-0.266,0.854
90,House,7232,49,1,TX,100,0,1,"PATMAN, John William Wright",P000103,1893,1976.0,-0.396,0.855,-77.88882,0.776,307,26,,-0.408,0.696
90,House,7498,49,11,TX,100,0,1,"POAGE, William Robert",P000398,1899,1987.0,-0.082,0.997,-117.86999,0.711,345,54,,-0.149,0.989
90,House,9241,49,6,TX,100,0,1,"TEAGUE, Olin Earl",T000110,1910,1981.0,-0.102,0.995,-111.17953,0.68,288,50,,-0.157,0.988
90,House,10391,49,12,TX,100,0,1,"WRIGHT, James Claude, Jr.",W000763,1922,2015.0,-0.383,0.672,-67.50283,0.804,310,24,,-0.355,0.556
90,House,10446,49,14,TX,100,0,1,"YOUNG, John Andrew",Y000043,1916,2002.0,-0.342,0.89,-88.29436,0.775,347,39,,-0.386,0.594
90,House,10520,49,20,TX,100,0,1,"GONZÁLEZ, Henry B.",G000272,1916,2000.0,-0.538,0.558,-86.65458,0.8,388,37,,-0.58,0.24
90,House,10546,49,13,TX,100,0,1,"PURCELL, Graham Boynton, Jr.",P000569,1919,2011.0,-0.257,0.966,-83.51282,0.756,299,36,,-0.235,0.873
90,House,10550,49,4,TX,100,0,1,"ROBERTS, Herbert Ray",R000312,1913,1992.0,-0.131,0.991,-106.71255,0.747,366,42,,-0.179,0.984
90,House,10614,49,10,TX,100,0,1,"PICKLE, James Jarrell (Jake)",P000328,1913,2005.0,-0.218,0.523,-112.18359,0.712,330,40,,-0.274,0.642
90,House,10615,49,3,TX,100,1,1,"POOL, Joe Richard",P000426,1911,1968.0,0.027,1.0,-70.37205,0.734,228,33,,0.023,1.0
90,House,10707,49,5,TX,100,0,1,"CABELL, Earle",C000002,1906,1975.0,-0.195,0.981,-111.04738,0.719,337,52,,-0.2,0.955
90,House,10716,49,15,TX,100,0,1,"de la GARZA, Eligio, II (Kika)",D000203,1927,,-0.255,0.757,-92.18462,0.758,333,37,,-0.3,0.737
90,House,10783,49,16,TX,100,0,1,"WHITE, Richard Crawford",W000390,1923,1998.0,-0.137,0.601,-104.24895,0.757,374,47,,-0.198,0.65
90,House,11008,49,7,TX,200,0,1,"BUSH, George Herbert Walker",B001166,1924,,0.196,-0.02,-95.74936,0.755,341,46,,0.19,-0.085
90,House,11013,49,8,TX,100,0,1,"ECKHARDT, Robert Christian",E000035,1913,2001.0,-0.547,-0.06,-65.40357,0.83,350,25,,-0.571,-0.031
90,House,11023,49,23,TX,100,0,1,"KAZEN, Abraham, Jr.",K000025,1919,1987.0,-0.219,0.747,-116.68793,0.731,373,58,,-0.394,0.605
90,House,11062,49,18,TX,200,0,1,"PRICE, Robert Dale",P000528,1927,2004.0,0.304,0.523,-86.76356,0.795,379,34,,0.346,0.429
90,House,11066,49,3,TX,200,2,2,"COLLINS, James Mitchell",C000638,1916,1989.0,0.679,0.122,-10.77656,0.774,42,5,,0.463,0.101
90,House,10576,67,1,UT,200,0,1,"BURTON, Laurence Junior",B001155,1926,2002.0,0.179,0.013,-93.95778,0.75,326,38,,0.167,0.147
90,House,10600,67,2,UT,200,1,1,"LLOYD, Sherman Parkinson",L000382,1914,1979.0,0.228,-0.184,-113.959,0.719,346,44,,0.231,-0.2
90,House,10562,6,1,VT,200,0,1,"STAFFORD, Robert Theodore",S000776,1913,2006.0,0.055,-0.695,-101.59501,0.751,355,46,,0.042,-0.397
90,House,2,40,4,VA,100,0,1,"ABBITT, Watkins Moorman",A000002,1908,1998.0,0.09,0.972,-83.21027,0.768,315,34,,0.155,0.818
90,House,1154,40,10,VA,200,0,1,"BROYHILL, Joel Thomas",B000967,1919,2006.0,0.159,0.223,-108.09638,0.747,370,52,,0.179,0.106
90,House,2706,40,1,VA,100,0,1,"DOWNING, Thomas Nelms",D000474,1919,2001.0,-0.065,0.741,-117.95478,0.719,357,60,,-0.12,0.681
90,House,4064,40,2,VA,100,0,1,"HARDY, Porter, Jr.",H000197,1903,1995.0,-0.152,0.8,-86.53636,0.747,297,42,,-0.154,0.68
90,House,7500,40,6,VA,200,0,1,"POFF, Richard Harding",P000401,1923,2011.0,0.265,0.202,-96.59365,0.779,386,46,,0.243,0.154
90,House,9494,40,5,VA,100,0,1,"TUCK, William Munford",T000395,1896,1983.0,0.166,0.986,-73.15158,0.812,352,27,,0.183,0.905
90,House,9802,40,9,VA,200,0,1,"WAMPLER, William Creed",W000121,1926,2012.0,0.146,0.212,-134.74274,0.693,368,63,,0.164,0.113
90,House,10603,40,7,VA,100,0,1,"MARSH, John Otho, Jr.",M000148,1926,,0.101,0.566,-126.36587,0.721,386,53,,0.104,0.61
90,House,10767,40,3,VA,100,0,1,"SATTERFIELD, David Edward, III",S000070,1920,1988.0,0.265,0.831,-111.16372,0.737,364,48,,0.12,0.854
90,House,11048,40,8,VA,200,0,1,"SCOTT, William Lloyd",S000189,1915,1997.0,0.422,0.385,-117.76146,0.725,366,50,,0.305,0.186
90,House,4043,73,3,WA,100,0,1,"HANSEN, Julia Butler",H000174,1907,1988.0,-0.394,0.273,-52.55731,0.844,309,20,,-0.432,0.253
90,House,6101,73,4,WA,200,0,1,"MAY, Catherine Dean",M000273,1914,2004.0,0.173,-0.1,-99.99825,0.753,352,44,,0.16,-0.039
90,House,7313,73,1,WA,200,0,1,"PELLY, Thomas Minor",P000196,1902,1973.0,0.187,-0.368,-111.62688,0.73,355,52,,0.129,-0.301
90,House,10700,73,7,WA,100,0,1,"ADAMS, Brockman (Brock)",A000031,1927,2004.0,-0.396,-0.127,-94.09446,0.766,353,37,,-0.427,-0.339
90,House,10726,73,5,WA,100,0,1,"FOLEY, Thomas Stephen",F000239,1929,2013.0,-0.354,0.192,-141.35534,0.682,369,59,,-0.437,0.275
90,House,10738,73,6,WA,100,0,1,"HICKS, Floyd Verne",H000563,1915,1992.0,-0.414,0.377,-121.14341,0.712,357,52,,-0.421,0.046
90,House,10756,73,2,WA,100,0,1,"MEEDS, Edwin Lloyd",M000626,1927,2005.0,-0.453,0.149,-60.97063,0.845,363,19,,-0.397,0.153
90,House,4276,56,4,WV,100,0,1,"HECHLER, Kenneth William",H000438,1914,,-0.31,-0.292,-116.22272,0.741,388,53,,-0.316,-0.17
90,House,6626,56,1,WV,200,0,1,"MOORE, Arch Alfred, Jr.",M000892,1923,2015.0,0.14,-0.07,-114.56829,0.664,280,53,,0.102,-0.073
90,House,8564,56,3,WV,100,0,1,"SLACK, John Mark, Jr.",S000473,1915,1980.0,-0.281,0.568,-100.01473,0.759,363,40,,-0.247,0.358
90,House,8824,56,2,WV,100,0,1,"STAGGERS, Harley Orrin",S000778,1907,1991.0,-0.345,0.326,-81.67744,0.788,342,37,,-0.381,0.545
90,House,10744,56,5,WV,100,0,1,"KEE, James",K000038,1917,1989.0,-0.365,0.555,-67.72938,0.829,360,26,,-0.383,0.53
90,House,1371,25,8,WI,200,0,1,"BYRNES, John William",B001216,1913,1985.0,0.328,-0.236,-134.83112,0.691,365,69,,0.283,-0.294
90,House,2383,25,9,WI,200,0,1,"DAVIS, Glenn Robert",D000102,1914,1988.0,0.433,-0.196,-127.82309,0.704,364,59,,0.574,-0.16
90,House,5101,25,2,WI,100,0,1,"KASTENMEIER, Robert William",K000020,1924,2015.0,-0.514,-0.452,-104.78089,0.757,377,44,,-0.523,-0.552
90,House,5410,25,7,WI,200,0,1,"LAIRD, Melvin Robert",L000024,1922,,0.416,-0.305,-119.60019,0.712,352,62,,0.342,-0.319
90,House,7046,25,10,WI,200,0,1,"O'KONSKI, Alvin Edward",O000058,1904,1987.0,0.067,0.043,-243.08295,0.485,336,102,,0.152,-0.051
90,House,7824,25,5,WI,100,0,1,"REUSS, Henry Schoellkopf",R000165,1912,2002.0,-0.481,-0.278,-65.85321,0.833,361,28,,-0.52,-0.398
90,House,10463,25,4,WI,100,0,1,"ZABLOCKI, Clement John",Z000001,1912,1983.0,-0.355,0.293,-83.02987,0.797,366,35,,-0.29,0.054
90,House,10556,25,1,WI,200,0,1,"SCHADEBERG, Henry Carl",S000108,1913,1985.0,0.386,-0.041,-81.67087,0.798,362,31,,0.337,-0.011
90,House,10564,25,3,WI,200,0,1,"THOMSON, Vernon Wallace",T000233,1905,1988.0,0.233,-0.061,-114.66097,0.729,362,49,,0.359,-0.104
90,House,11051,25,6,WI,200,0,1,"STEIGER, William Albert",S000847,1938,1978.0,0.336,-0.76,-119.16629,0.73,378,50,,0.246,-0.521
90,House,4139,68,1,WY,200,0,1,"HARRISON, William Henry",H000278,1896,1990.0,0.269,0.077,-108.2394,0.721,331,52,,0.228,0.058
90,Senate,4418,41,0,AL,100,0,1,"HILL, Joseph Lister",H000598,1894,1984.0,-0.265,0.851,-141.87326,0.747,487,58,,-0.193,0.981
90,Senate,8764,41,0,AL,100,0,1,"SPARKMAN, John Jackson",S000701,1899,1985.0,-0.204,0.795,-145.05559,0.73,460,64,,-0.219,0.792
90,Senate,486,81,0,AK,100,0,1,"BARTLETT, Edward Lewis (Bob)",B000201,1904,1968.0,-0.495,0.484,-184.52055,0.664,450,91,,-0.453,0.475
90,Senate,3864,81,0,AK,100,0,1,"GRUENING, Ernest Henry",G000508,1887,1974.0,-0.689,0.724,-171.61532,0.687,457,86,,-0.716,0.69
90,Senate,4227,61,0,AZ,100,0,1,"HAYDEN, Carl Trumbull",H000385,1877,1972.0,-0.221,0.334,-144.57671,0.669,360,63,,-0.309,0.703
90,Senate,10804,61,0,AZ,200,0,1,"FANNIN, Paul Jones",F000013,1907,2002.0,0.512,0.028,-123.88009,0.787,516,60,,0.396,0.008
90,Senate,3388,42,0,AR,100,0,1,"FULBRIGHT, James William",F000401,1905,1995.0,-0.38,0.925,-152.89559,0.644,347,68,,-0.419,0.899
90,Senate,6151,42,0,AR,100,0,1,"McCLELLAN, John Little",M000332,1896,1977.0,0.017,0.962,-109.32211,0.792,468,49,,0.017,0.867
90,Senate,5372,71,0,CA,200,0,1,"KUCHEL, Thomas Henry",K000335,1910,1994.0,0.098,-0.61,-181.26972,0.697,503,85,,0.075,-0.577
90,Senate,10814,71,0,CA,200,0,1,"MURPHY, George Lloyd",M001092,1902,1992.0,0.341,-0.251,-156.54501,0.737,513,65,,0.417,-0.343
90,Senate,142,62,0,CO,200,0,1,"ALLOTT, Gordon Llewellyn",A000161,1907,1989.0,0.308,-0.445,-140.28168,0.756,501,62,,0.3,-0.328
90,Senate,10514,62,0,CO,200,0,1,"DOMINICK, Peter Hoyt",D000409,1915,1981.0,0.369,-0.434,-167.7422,0.721,513,80,,0.348,-0.481
90,Senate,2636,1,0,CT,100,0,1,"DODD, Thomas Joseph",D000390,1907,1971.0,-0.216,-0.034,-218.4129,0.593,418,92,,-0.29,0.206
90,Senate,7847,1,0,CT,100,0,1,"RIBICOFF, Abraham Alexander",R000191,1910,1998.0,-0.313,-0.328,-204.2899,0.653,480,95,,-0.291,-0.12
90,Senate,823,11,0,DE,200,0,1,"BOGGS, James Caleb",B000593,1909,1993.0,0.21,-0.673,-174.68507,0.713,517,83,,0.248,-0.656
90,Senate,10163,11,0,DE,200,0,1,"WILLIAMS, John James",W000518,1904,1988.0,0.603,-0.442,-199.5966,0.679,515,100,,0.768,-0.641
90,Senate,4520,43,0,FL,100,0,1,"HOLLAND, Spessard Lindsey",H000720,1892,1971.0,0.009,0.599,-187.74332,0.696,518,96,,-0.055,0.794
90,Senate,8593,43,0,FL,100,0,1,"SMATHERS, George Armistead",S000505,1913,2007.0,-0.143,0.714,-160.80393,0.651,374,70,,-0.203,0.743
90,Senate,8138,44,0,GA,100,0,1,"RUSSELL, Richard Brevard, Jr.",R000536,1897,1971.0,0.005,1.0,-107.32538,0.763,397,51,,0.111,0.994
90,Senate,9174,44,0,GA,100,0,1,"TALMADGE, Herman Eugene",T000035,1913,2002.0,-0.091,0.996,-88.38017,0.794,383,39,,-0.038,0.999
90,Senate,3255,82,0,HI,200,0,1,"FONG, Hiram Leong",F000245,1906,2004.0,0.165,-0.515,-211.28096,0.635,465,98,,0.051,-0.452
90,Senate,4812,82,0,HI,100,0,1,"INOUYE, Daniel Ken",I000025,1924,2012.0,-0.319,0.062,-108.60712,0.762,399,42,,-0.29,-0.128
90,Senate,1721,63,0,ID,100,0,1,"CHURCH, Frank Forrester",C000388,1924,1984.0,-0.384,0.31,-191.59577,0.61,388,95,,-0.396,0.421
90,Senate,10807,63,0,ID,200,0,1,"JORDAN, Leonard Beck (Len)",J000269,1899,1983.0,0.373,-0.36,-143.42695,0.754,509,71,,0.359,-0.303
90,Senate,2609,21,0,IL,200,0,1,"DIRKSEN, Everett McKinley",D000360,1896,1969.0,0.317,-0.498,-175.07882,0.698,487,80,,0.283,-0.365
90,Senate,11205,21,0,IL,200,0,1,"PERCY, Charles Harting",P000222,1919,2011.0,0.099,-0.861,-156.20997,0.73,496,68,,0.16,-0.936
90,Senate,4154,22,0,IN,100,0,1,"HARTKE, Rupert Vance",H000297,1919,2003.0,-0.42,0.238,-185.551,0.631,403,84,,-0.508,0.392
90,Senate,10800,22,0,IN,100,0,1,"BAYH, Birch Evans",B000254,1928,,-0.408,0.042,-162.79623,0.694,446,81,,-0.397,0.222
90,Senate,4382,31,0,IA,200,0,1,"HICKENLOOPER, Bourke Blakemore",H000559,1896,1971.0,0.372,-0.316,-126.62282,0.768,479,47,,0.372,-0.206
90,Senate,10812,31,0,IA,200,0,1,"MILLER, Jack Richard",M000730,1916,1994.0,0.326,-0.418,-187.58139,0.696,517,82,,0.362,-0.39
90,Senate,1510,32,0,KS,200,0,1,"CARLSON, Frank",C000154,1893,1987.0,0.232,-0.243,-137.12777,0.725,426,66,,0.252,-0.247
90,Senate,10817,32,0,KS,200,0,1,"PEARSON, James Blackwood",P000166,1920,2009.0,0.134,-0.47,-169.6391,0.717,510,73,,0.203,-0.477
90,Senate,2052,51,0,KY,200,0,1,"COOPER, John Sherman",C000758,1901,1991.0,0.07,-0.408,-254.73214,0.553,430,124,,0.148,-0.855
90,Senate,6745,51,0,KY,200,0,1,"MORTON, Thruston Ballard",M001022,1907,1982.0,0.2,-0.4,-142.50237,0.676,364,68,,0.238,-0.619
90,Senate,2901,45,0,LA,100,0,1,"ELLENDER, Allen Joseph",E000112,1890,1972.0,-0.089,0.996,-180.96282,0.693,494,81,,-0.14,0.99
90,Senate,5767,45,0,LA,100,0,1,"LONG, Russell Billiu",L000428,1918,2003.0,-0.18,0.873,-157.50806,0.713,465,74,,-0.245,0.878
90,Senate,6831,2,0,ME,100,0,1,"MUSKIE, Edmund Sixtus",M001121,1914,1996.0,-0.379,-0.052,-108.99582,0.766,409,53,,-0.304,-0.058
90,Senate,8666,2,0,ME,200,0,1,"SMITH, Margaret Chase",S000590,1897,1995.0,0.1,-0.378,-236.72263,0.634,519,125,,0.094,-0.27
90,Senate,1018,52,0,MD,100,0,1,"BREWSTER, Daniel Baugh",B000813,1923,2007.0,-0.251,-0.09,-171.92481,0.705,491,81,,-0.311,0.009
90,Senate,10824,52,0,MD,100,0,1,"TYDINGS, Joseph Davies",T000445,1928,,-0.36,-0.066,-124.28706,0.761,456,58,,-0.351,-0.132
90,Senate,10808,3,0,MA,100,0,1,"KENNEDY, Edward Moore (Ted)",K000105,1932,2009.0,-0.443,-0.49,-94.50735,0.793,408,50,,-0.384,-0.497
90,Senate,11201,3,0,MA,200,0,1,"BROOKE, Edward William, III",B000871,1919,2015.0,-0.1,-0.995,-173.07051,0.712,510,79,,-0.026,-1.0
90,Senate,3824,23,0,MI,200,0,1,"GRIFFIN, Robert Paul",G000465,1923,2015.0,0.327,-0.68,-181.36937,0.669,451,92,,0.297,-0.939
90,Senate,4148,23,0,MI,100,0,1,"HART, Philip Aloysius",H000291,1912,1976.0,-0.475,-0.358,-125.8887,0.775,494,54,,-0.479,-0.364
90,Senate,6134,33,0,MN,100,0,1,"McCARTHY, Eugene Joseph",M000311,1916,2005.0,-0.433,0.035,-72.28563,0.721,221,30,,-0.472,0.147
90,Senate,10813,33,0,MN,100,0,1,"MONDALE, Walter Frederick",M000851,1928,,-0.439,-0.217,-92.13241,0.814,447,40,,-0.425,-0.377
90,Senate,2822,46,0,MS,100,0,1,"EASTLAND, James Oliver",E000018,1904,1986.0,0.024,1.0,-84.59868,0.822,432,32,,0.074,0.997
90,Senate,8883,46,0,MS,100,0,1,"STENNIS, John Cornelius",S000852,1901,1995.0,-0.056,0.998,-118.8551,0.787,496,55,,0.031,1.0
90,Senate,5756,34,0,MO,100,0,1,"LONG, Edward Vaughn",L000415,1908,1972.0,-0.311,0.072,-84.62491,0.756,303,41,,-0.402,0.176
90,Senate,9141,34,0,MO,100,0,1,"SYMINGTON, William Stuart (Stuart)",S001136,1901,1988.0,-0.319,0.254,-183.21779,0.673,462,85,,-0.234,0.186
90,Senate,5967,64,0,MT,100,0,1,"MANSFIELD, Michael Joseph (Mike)",M000113,1903,2001.0,-0.439,0.43,-234.24254,0.613,479,110,,-0.391,0.497
90,Senate,6442,64,0,MT,100,0,1,"METCALF, Lee Warren",M000671,1911,1978.0,-0.483,0.379,-151.47193,0.71,442,72,,-0.504,0.25
90,Senate,2267,35,0,NE,200,0,1,"CURTIS, Carl Thomas",C001006,1905,2000.0,0.492,-0.004,-92.82223,0.836,517,41,,0.509,-0.016
90,Senate,4660,35,0,NE,200,0,1,"HRUSKA, Roman Lee",H000875,1904,1999.0,0.446,-0.063,-99.88511,0.814,484,43,,0.414,0.022
90,Senate,688,65,0,NV,100,0,1,"BIBLE, Alan Harvey",B000436,1909,1988.0,-0.2,0.528,-149.86154,0.714,444,70,,-0.221,0.572
90,Senate,1482,65,0,NV,100,0,1,"CANNON, Howard Walter",C000120,1912,2002.0,-0.211,0.495,-190.67375,0.681,497,91,,-0.233,0.474
90,Senate,2087,4,0,NH,200,0,1,"COTTON, Norris H.",C000802,1900,1989.0,0.395,-0.318,-192.87487,0.655,456,100,,0.372,-0.366
90,Senate,10810,4,0,NH,100,0,1,"McINTYRE, Thomas James",M000486,1915,1992.0,-0.279,0.068,-160.21003,0.703,455,72,,-0.322,0.121
90,Senate,1569,12,0,NJ,200,0,1,"CASE, Clifford Philip",C000220,1904,1982.0,-0.108,-0.994,-122.33873,0.78,493,53,,-0.15,-0.989
90,Senate,10147,12,0,NJ,100,0,1,"WILLIAMS, Harrison Arlington, Jr.",W000502,1919,2001.0,-0.344,-0.381,-151.07711,0.737,496,69,,-0.423,-0.22
90,Senate,165,66,0,NM,100,0,1,"ANDERSON, Clinton Presba",A000186,1895,1975.0,-0.201,0.213,-160.69872,0.703,456,67,,-0.203,0.265
90,Senate,6611,66,0,NM,100,0,1,"MONTOYA, Joseph Manuel",M000876,1915,1978.0,-0.269,0.288,-129.31813,0.735,420,56,,-0.301,0.313
90,Senate,3670,13,0,NY,200,0,2,"GOODELL, Charles Ellsworth",G000282,1926,1987.0,0.253,-0.967,,,,,,-0.034,-0.999
90,Senate,4898,13,0,NY,200,0,1,"JAVITS, Jacob Koppel",J000064,1904,1986.0,-0.124,-0.992,-98.55556,0.81,469,38,,-0.15,-0.989
90,Senate,10809,13,0,NY,100,0,1,"KENNEDY, Robert Francis",K000114,1925,1968.0,-0.472,-0.419,-82.7044,0.796,362,34,,-0.44,-0.449
90,Senate,2987,47,0,NC,100,0,1,"ERVIN, Samuel James, Jr.",E000211,1896,1985.0,-0.041,0.999,-108.1516,0.8,485,44,,0.002,0.985
90,Senate,5073,47,0,NC,100,0,1,"JORDAN, Benjamin Everett",J000267,1896,1974.0,-0.093,0.985,-106.46591,0.783,435,47,,-0.078,0.851
90,Senate,1252,36,0,ND,100,0,1,"BURDICK, Quentin Northrup",B001077,1908,1992.0,-0.371,0.42,-186.5979,0.681,486,97,,-0.473,0.468
90,Senate,10450,36,0,ND,200,0,1,"YOUNG, Milton Ruben",Y000047,1897,1983.0,0.172,0.187,-159.47869,0.722,490,75,,0.143,0.228
90,Senate,5500,24,0,OH,100,0,1,"LAUSCHE, Frank John",L000122,1895,1990.0,0.213,-0.281,-210.69927,0.622,443,109,,0.29,-0.397
90,Senate,10454,24,0,OH,100,0,1,"YOUNG, Stephen Marvin",Y000053,1889,1984.0,-0.351,-0.114,-265.18546,0.567,468,119,,-0.61,0.296
90,Senate,6597,53,0,OK,100,0,1,"MONRONEY, Almer Stillwell Mike",M000859,1902,1980.0,-0.264,0.36,-157.41422,0.705,451,75,,-0.202,0.263
90,Senate,10805,53,0,OK,100,0,1,"HARRIS, Fred Roy",H000237,1930,,-0.4,0.162,-130.9476,0.741,437,61,,-0.322,0.071
90,Senate,6738,72,0,OR,100,0,1,"MORSE, Wayne Lyman",M001014,1900,1974.0,-0.851,0.525,-193.65499,0.678,499,94,,-0.832,0.479
90,Senate,11203,72,0,OR,200,0,1,"HATFIELD, Mark Odom",H000343,1922,2011.0,0.056,-0.773,-257.9786,0.58,473,130,,0.146,-0.979
90,Senate,1776,14,0,PA,100,0,1,"CLARK, Joseph Sill",C000444,1901,1990.0,-0.576,-0.332,-138.89601,0.746,474,67,,-0.508,-0.35
90,Senate,8301,14,0,PA,200,0,1,"SCOTT, Hugh Doggett, Jr.",S000174,1900,1994.0,0.162,-0.823,-172.72633,0.712,509,76,,0.111,-0.78
90,Senate,7229,5,0,RI,100,0,1,"PASTORE, John Orlando",P000100,1907,2000.0,-0.256,-0.144,-174.83426,0.71,511,73,,-0.21,-0.234
90,Senate,10818,5,0,RI,100,0,1,"PELL, Claiborne de Borda",P000193,1918,2009.0,-0.332,-0.326,-146.61919,0.735,477,67,,-0.333,-0.252
90,Senate,9369,48,0,SC,200,0,1,"THURMOND, James Strom",T000254,1902,2003.0,0.391,0.227,-130.26746,0.776,514,62,,0.617,0.31
90,Senate,11204,48,0,SC,100,0,2,"HOLLINGS, Ernest Frederick",H000725,1922,,-0.293,0.925,-193.38355,0.664,472,88,,-0.116,0.893
90,Senate,6256,37,0,SD,100,0,1,"McGOVERN, George Stanley",M000452,1922,2012.0,-0.573,0.223,-165.8261,0.664,405,72,,-0.505,0.386
90,Senate,6796,37,0,SD,200,0,1,"MUNDT, Karl Earl",M001078,1900,1974.0,0.275,-0.018,-141.94168,0.746,485,61,,0.291,-0.069
90,Senate,3704,54,0,TN,100,0,1,"GORE, Albert Arnold",G000320,1907,1998.0,-0.328,0.551,-182.83073,0.633,400,84,,-0.346,0.444
90,Senate,11200,54,0,TN,200,0,1,"BAKER, Howard Henry, Jr.",B000063,1925,2014.0,0.283,-0.445,-149.84218,0.724,463,66,,0.298,-0.475
90,Senate,10414,49,0,TX,100,0,1,"YARBOROUGH, Ralph Webster",Y000006,1903,1996.0,-0.416,0.51,-143.75202,0.711,421,63,,-0.459,0.381
90,Senate,10823,49,0,TX,200,0,1,"TOWER, John Goodwin",T000322,1925,1991.0,0.444,-0.07,-143.75645,0.756,515,64,,0.421,-0.061
90,Senate,645,67,0,UT,200,0,1,"BENNETT, Wallace Foster",B000384,1898,1993.0,0.447,-0.334,-155.4705,0.737,509,65,,0.345,-0.133
90,Senate,6754,67,0,UT,100,0,1,"MOSS, Frank Edward (Ted)",M001033,1911,2003.0,-0.396,0.192,-164.6874,0.703,468,79,,-0.409,0.138
90,Senate,52,6,0,VT,200,0,1,"AIKEN, George David",A000062,1892,1984.0,0.062,-0.435,-198.86941,0.646,455,106,,0.082,-0.498
90,Senate,7637,6,0,VT,200,0,1,"PROUTY, Winston Lewis",P000552,1906,1971.0,0.17,-0.564,-182.88696,0.668,453,94,,0.177,-0.632
90,Senate,10802,40,0,VA,100,0,2,"BYRD, Harry Flood, Jr.",B001209,1914,2013.0,0.092,0.968,-184.37693,0.692,501,89,,0.072,0.665
90,Senate,11206,40,0,VA,100,0,1,"SPONG, William Belser, Jr.",S000739,1920,1997.0,-0.186,0.572,-212.17383,0.656,504,112,,-0.131,0.416
90,Senate,4851,73,0,WA,100,0,1,"JACKSON, Henry Martin (Scoop)",J000013,1912,1983.0,-0.296,0.065,-153.40791,0.741,512,62,,-0.285,0.012
90,Senate,5913,73,0,WA,100,0,1,"MAGNUSON, Warren Grant",M000053,1905,1989.0,-0.325,0.179,-145.70612,0.731,464,66,,-0.323,0.212
90,Senate,1366,56,0,WV,100,0,1,"BYRD, Robert Carlyle",B001210,1917,2010.0,-0.309,0.729,-190.43699,0.689,512,82,,-0.285,0.821
90,Senate,7722,56,0,WV,100,0,1,"RANDOLPH, Jennings",R000046,1902,1998.0,-0.247,0.31,-173.72798,0.716,519,65,,-0.316,0.291
90,Senate,7638,25,0,WI,100,0,1,"PROXMIRE, William",P000553,1915,2005.0,-0.598,0.801,-307.02954,0.553,519,142,,-0.541,0.408
90,Senate,10816,25,0,WI,100,0,1,"NELSON, Gaylord Anton",N000033,1916,2005.0,-0.567,0.198,-146.05962,0.727,458,61,,-0.618,0.217
90,Senate,6249,68,0,WY,100,0,1,"McGEE, Gale William",M000445,1915,1992.0,-0.24,0.145,-149.98227,0.72,456,55,,-0.379,0.195
90,Senate,11202,68,0,WY,200,0,1,"HANSEN, Clifford Peter",H000170,1912,2009.0,0.489,-0.036,-97.96944,0.811,468,48,,0.513,-0.223
